2026-01-27 17:08:55 - PinMaster - INFO - [qt_main_window.py:37] - ================================================================================
2026-01-27 17:08:55 - PinMaster - INFO - [qt_main_window.py:38] - ЗАПУСК ПРИЛОЖЕНИЯ PINMASTER
2026-01-27 17:08:55 - PinMaster - INFO - [qt_main_window.py:39] - ================================================================================
2026-01-27 17:08:55 - PinMaster - DEBUG - [qt_main_window.py:43] - Попытка импорта webdriver_frozen_patch...
2026-01-27 17:08:55 - PinMaster - DEBUG - [qt_main_window.py:45] - webdriver_frozen_patch успешно импортирован
2026-01-27 17:08:56 - PinMaster - INFO - [qt_main_window.py:3553] - ================================================================================
2026-01-27 17:08:56 - PinMaster - INFO - [qt_main_window.py:3554] - ТОЧКА ВХОДА: Запуск приложения
2026-01-27 17:08:56 - PinMaster - INFO - [qt_main_window.py:3555] - ================================================================================
2026-01-27 17:08:56 - PinMaster - INFO - [qt_main_window.py:3558] - Создание QApplication...
2026-01-27 17:08:56 - PinMaster - INFO - [qt_main_window.py:3560] - QApplication создан успешно
2026-01-27 17:08:56 - PinMaster - INFO - [qt_main_window.py:3562] - Создание PinterestMainWindow...
2026-01-27 17:08:56 - PinMaster - INFO - [qt_main_window.py:664] - Инициализация PinterestMainWindow...
2026-01-27 17:08:56 - PinMaster - DEBUG - [qt_main_window.py:666] - Вызов super().__init__()...
2026-01-27 17:08:56 - PinMaster - DEBUG - [qt_main_window.py:668] - super().__init__() выполнен успешно
2026-01-27 17:08:56 - PinMaster - DEBUG - [qt_main_window.py:670] - Инициализация переменных экземпляра...
2026-01-27 17:08:56 - PinMaster - DEBUG - [qt_main_window.py:686] - Переменные экземпляра инициализированы
2026-01-27 17:08:56 - PinMaster - INFO - [qt_main_window.py:688] - Вызов setup_ui()...
2026-01-27 17:08:56 - PinMaster - DEBUG - [qt_main_window.py:710] - Начало setup_ui()...
2026-01-27 17:08:56 - PinMaster - DEBUG - [qt_main_window.py:712] - Установка заголовка окна...
2026-01-27 17:08:56 - PinMaster - DEBUG - [qt_main_window.py:714] - Заголовок установлен: PinMaster
2026-01-27 17:08:56 - PinMaster - DEBUG - [qt_main_window.py:716] - Установка минимального размера окна...
2026-01-27 17:08:56 - PinMaster - DEBUG - [qt_main_window.py:720] - Загрузка стилей...
2026-01-27 17:08:56 - PinMaster - DEBUG - [qt_main_window.py:1271] - Начало load_styles()...
2026-01-27 17:08:56 - PinMaster - DEBUG - [qt_main_window.py:1274] - Путь к стилям: /Users/bulatmuhametzanov/Desktop/пинтерест/styles.qss
2026-01-27 17:08:56 - PinMaster - DEBUG - [qt_main_window.py:1277] - Файл стилей открыт, чтение...
2026-01-27 17:08:56 - PinMaster - DEBUG - [qt_main_window.py:1282] - Стили загружены из файла
2026-01-27 17:08:56 - PinMaster - DEBUG - [qt_main_window.py:722] - Стили загружены
2026-01-27 17:08:56 - PinMaster - INFO - [qt_main_window.py:690] - setup_ui() выполнен успешно
2026-01-27 17:08:56 - PinMaster - INFO - [qt_main_window.py:692] - Вызов setup_tray_icon()...
2026-01-27 17:08:56 - PinMaster - DEBUG - [qt_main_window.py:1300] - Начало setup_tray_icon()...
2026-01-27 17:08:56 - PinMaster - DEBUG - [qt_main_window.py:1306] - Создание иконки трея...
2026-01-27 17:08:56 - PinMaster - DEBUG - [qt_main_window.py:1312] - Создание меню трея...
2026-01-27 17:08:56 - PinMaster - DEBUG - [qt_main_window.py:1333] - Иконка трея настроена и отображена
2026-01-27 17:08:56 - PinMaster - INFO - [qt_main_window.py:694] - setup_tray_icon() выполнен успешно
2026-01-27 17:08:56 - PinMaster - INFO - [qt_main_window.py:696] - Вызов load_config()...
2026-01-27 17:08:56 - PinMaster - DEBUG - [qt_main_window.py:1509] - Начало load_config()...
2026-01-27 17:08:56 - PinMaster - DEBUG - [qt_main_window.py:1512] - Путь к конфигу: /Users/bulatmuhametzanov/Desktop/пинтерест/config.json
2026-01-27 17:08:56 - PinMaster - DEBUG - [qt_main_window.py:1515] - Чтение конфига из файла...
2026-01-27 17:08:56 - PinMaster - DEBUG - [qt_main_window.py:1518] - Конфиг загружен из файла
2026-01-27 17:08:56 - PinMaster - INFO - [qt_main_window.py:698] - load_config() выполнен успешно
2026-01-27 17:08:56 - PinMaster - INFO - [qt_main_window.py:700] - Инициализация ToastManager...
2026-01-27 17:08:56 - PinMaster - INFO - [qt_main_window.py:702] - ToastManager инициализирован успешно
2026-01-27 17:08:56 - PinMaster - INFO - [qt_main_window.py:704] - PinterestMainWindow инициализирован успешно
2026-01-27 17:08:56 - PinMaster - INFO - [qt_main_window.py:3564] - PinterestMainWindow создан успешно
2026-01-27 17:08:56 - PinMaster - INFO - [qt_main_window.py:3566] - Отображение окна...
2026-01-27 17:08:56 - PinMaster - INFO - [qt_main_window.py:3568] - Окно отображено, запуск event loop...
2026-01-27 17:08:57 - PinMaster - INFO - [qt_main_window.py:1962] - ConnectionTestThread: запуск проверки подключения к ИИ API...
2026-01-27 17:08:57 - PinMaster - DEBUG - [qt_main_window.py:1964] - ConnectionTestThread: отправка запроса к OpenRouter API...
2026-01-27 17:08:57 - PinMaster - CRITICAL - [qt_main_window.py:1998] - ConnectionTestThread: неожиданная ошибка: 'latin-1' codec can't encode character '\u044b' in position 7: ordinal not in range(256)
Traceback (most recent call last):
  File "/Users/bulatmuhametzanov/Desktop/пинтерест/qt_main_window.py", line 1965, in run
    response = requests.post(
  File "/Users/bulatmuhametzanov/Library/Python/3.9/lib/python/site-packages/requests/api.py", line 115, in post
    return request("post", url, data=data, json=json, **kwargs)
  File "/Users/bulatmuhametzanov/Library/Python/3.9/lib/python/site-packages/requests/api.py", line 59, in request
    return session.request(method=method, url=url, **kwargs)
  File "/Users/bulatmuhametzanov/Library/Python/3.9/lib/python/site-packages/requests/sessions.py", line 589, in request
    resp = self.send(prep, **send_kwargs)
  File "/Users/bulatmuhametzanov/Library/Python/3.9/lib/python/site-packages/requests/sessions.py", line 703, in send
    r = adapter.send(request, **kwargs)
  File "/Users/bulatmuhametzanov/Library/Python/3.9/lib/python/site-packages/requests/adapters.py", line 486, in send
    resp = conn.urlopen(
  File "/Users/bulatmuhametzanov/Library/Python/3.9/lib/python/site-packages/urllib3/connectionpool.py", line 787, in urlopen
    response = self._make_request(
  File "/Users/bulatmuhametzanov/Library/Python/3.9/lib/python/site-packages/urllib3/connectionpool.py", line 493, in _make_request
    conn.request(
  File "/Users/bulatmuhametzanov/Library/Python/3.9/lib/python/site-packages/urllib3/connection.py", line 493, in request
    self.putheader(header, value)
  File "/Users/bulatmuhametzanov/Library/Python/3.9/lib/python/site-packages/urllib3/connection.py", line 407, in putheader
    super().putheader(header, *values)
  File "/Library/Developer/CommandLineTools/Library/Frameworks/Python3.framework/Versions/3.9/lib/python3.9/http/client.py", line 1230, in putheader
    values[i] = one_value.encode('latin-1')
UnicodeEncodeError: 'latin-1' codec can't encode character '\u044b' in position 7: ordinal not in range(256)
2026-01-27 17:10:10 - PinMaster - INFO - [qt_main_window.py:37] - ================================================================================
2026-01-27 17:10:10 - PinMaster - INFO - [qt_main_window.py:38] - ЗАПУСК ПРИЛОЖЕНИЯ PINMASTER
2026-01-27 17:10:10 - PinMaster - INFO - [qt_main_window.py:39] - ================================================================================
2026-01-27 17:10:10 - PinMaster - DEBUG - [qt_main_window.py:43] - Попытка импорта webdriver_frozen_patch...
2026-01-27 17:10:10 - PinMaster - DEBUG - [qt_main_window.py:45] - webdriver_frozen_patch успешно импортирован
2026-01-27 17:10:50 - PinMaster - INFO - [qt_main_window.py:37] - ================================================================================
2026-01-27 17:10:50 - PinMaster - INFO - [qt_main_window.py:38] - ЗАПУСК ПРИЛОЖЕНИЯ PINMASTER
2026-01-27 17:10:50 - PinMaster - INFO - [qt_main_window.py:39] - ================================================================================
2026-01-27 17:10:50 - PinMaster - DEBUG - [qt_main_window.py:43] - Попытка импорта webdriver_frozen_patch...
2026-01-27 17:10:50 - PinMaster - DEBUG - [qt_main_window.py:45] - webdriver_frozen_patch успешно импортирован
2026-01-27 17:10:50 - PinMaster - INFO - [qt_main_window.py:3577] - ================================================================================
2026-01-27 17:10:50 - PinMaster - INFO - [qt_main_window.py:3578] - ТОЧКА ВХОДА: Запуск приложения
2026-01-27 17:10:50 - PinMaster - INFO - [qt_main_window.py:3579] - ================================================================================
2026-01-27 17:10:50 - PinMaster - INFO - [qt_main_window.py:3582] - Создание QApplication...
2026-01-27 17:10:51 - PinMaster - INFO - [qt_main_window.py:3584] - QApplication создан успешно
2026-01-27 17:10:51 - PinMaster - INFO - [qt_main_window.py:3586] - Создание PinterestMainWindow...
2026-01-27 17:10:51 - PinMaster - INFO - [qt_main_window.py:664] - Инициализация PinterestMainWindow...
2026-01-27 17:10:51 - PinMaster - DEBUG - [qt_main_window.py:666] - Вызов super().__init__()...
2026-01-27 17:10:51 - PinMaster - DEBUG - [qt_main_window.py:668] - super().__init__() выполнен успешно
2026-01-27 17:10:51 - PinMaster - DEBUG - [qt_main_window.py:670] - Инициализация переменных экземпляра...
2026-01-27 17:10:51 - PinMaster - DEBUG - [qt_main_window.py:686] - Переменные экземпляра инициализированы
2026-01-27 17:10:51 - PinMaster - INFO - [qt_main_window.py:688] - Вызов setup_ui()...
2026-01-27 17:10:51 - PinMaster - DEBUG - [qt_main_window.py:710] - Начало setup_ui()...
2026-01-27 17:10:51 - PinMaster - DEBUG - [qt_main_window.py:712] - Установка заголовка окна...
2026-01-27 17:10:51 - PinMaster - DEBUG - [qt_main_window.py:714] - Заголовок установлен: PinMaster
2026-01-27 17:10:51 - PinMaster - DEBUG - [qt_main_window.py:716] - Установка минимального размера окна...
2026-01-27 17:10:51 - PinMaster - DEBUG - [qt_main_window.py:720] - Загрузка стилей...
2026-01-27 17:10:51 - PinMaster - DEBUG - [qt_main_window.py:1271] - Начало load_styles()...
2026-01-27 17:10:51 - PinMaster - DEBUG - [qt_main_window.py:1274] - Путь к стилям: /Users/bulatmuhametzanov/Desktop/пинтерест/styles.qss
2026-01-27 17:10:51 - PinMaster - DEBUG - [qt_main_window.py:1277] - Файл стилей открыт, чтение...
2026-01-27 17:10:51 - PinMaster - DEBUG - [qt_main_window.py:1282] - Стили загружены из файла
2026-01-27 17:10:51 - PinMaster - DEBUG - [qt_main_window.py:722] - Стили загружены
2026-01-27 17:10:51 - PinMaster - INFO - [qt_main_window.py:690] - setup_ui() выполнен успешно
2026-01-27 17:10:51 - PinMaster - INFO - [qt_main_window.py:692] - Вызов setup_tray_icon()...
2026-01-27 17:10:51 - PinMaster - DEBUG - [qt_main_window.py:1300] - Начало setup_tray_icon()...
2026-01-27 17:10:51 - PinMaster - DEBUG - [qt_main_window.py:1306] - Создание иконки трея...
2026-01-27 17:10:51 - PinMaster - DEBUG - [qt_main_window.py:1312] - Создание меню трея...
2026-01-27 17:10:51 - PinMaster - DEBUG - [qt_main_window.py:1333] - Иконка трея настроена и отображена
2026-01-27 17:10:51 - PinMaster - INFO - [qt_main_window.py:694] - setup_tray_icon() выполнен успешно
2026-01-27 17:10:51 - PinMaster - INFO - [qt_main_window.py:696] - Вызов load_config()...
2026-01-27 17:10:51 - PinMaster - DEBUG - [qt_main_window.py:1509] - Начало load_config()...
2026-01-27 17:10:51 - PinMaster - DEBUG - [qt_main_window.py:1512] - Путь к конфигу: /Users/bulatmuhametzanov/Desktop/пинтерест/config.json
2026-01-27 17:10:51 - PinMaster - DEBUG - [qt_main_window.py:1515] - Чтение конфига из файла...
2026-01-27 17:10:51 - PinMaster - DEBUG - [qt_main_window.py:1518] - Конфиг загружен из файла
2026-01-27 17:10:51 - PinMaster - INFO - [qt_main_window.py:698] - load_config() выполнен успешно
2026-01-27 17:10:51 - PinMaster - INFO - [qt_main_window.py:700] - Инициализация ToastManager...
2026-01-27 17:10:51 - PinMaster - INFO - [qt_main_window.py:702] - ToastManager инициализирован успешно
2026-01-27 17:10:51 - PinMaster - INFO - [qt_main_window.py:704] - PinterestMainWindow инициализирован успешно
2026-01-27 17:10:51 - PinMaster - INFO - [qt_main_window.py:3588] - PinterestMainWindow создан успешно
2026-01-27 17:10:51 - PinMaster - INFO - [qt_main_window.py:3590] - Отображение окна...
2026-01-27 17:10:51 - PinMaster - INFO - [qt_main_window.py:3592] - Окно отображено, запуск event loop...
2026-01-27 17:10:51 - PinMaster - INFO - [qt_main_window.py:1985] - ConnectionTestThread: запуск проверки подключения к ИИ API...
2026-01-27 17:10:51 - PinMaster - DEBUG - [qt_main_window.py:1987] - ConnectionTestThread: отправка запроса к OpenRouter API...
2026-01-27 17:10:52 - PinMaster - CRITICAL - [qt_main_window.py:2022] - ConnectionTestThread: неожиданная ошибка: 'latin-1' codec can't encode character '\u044b' in position 7: ordinal not in range(256)
Traceback (most recent call last):
  File "/Users/bulatmuhametzanov/Desktop/пинтерест/qt_main_window.py", line 1989, in run
    response = requests.post(
  File "/Users/bulatmuhametzanov/Library/Python/3.9/lib/python/site-packages/requests/api.py", line 115, in post
    return request("post", url, data=data, json=json, **kwargs)
  File "/Users/bulatmuhametzanov/Library/Python/3.9/lib/python/site-packages/requests/api.py", line 59, in request
    return session.request(method=method, url=url, **kwargs)
  File "/Users/bulatmuhametzanov/Library/Python/3.9/lib/python/site-packages/requests/sessions.py", line 589, in request
    resp = self.send(prep, **send_kwargs)
  File "/Users/bulatmuhametzanov/Library/Python/3.9/lib/python/site-packages/requests/sessions.py", line 703, in send
    r = adapter.send(request, **kwargs)
  File "/Users/bulatmuhametzanov/Library/Python/3.9/lib/python/site-packages/requests/adapters.py", line 486, in send
    resp = conn.urlopen(
  File "/Users/bulatmuhametzanov/Library/Python/3.9/lib/python/site-packages/urllib3/connectionpool.py", line 787, in urlopen
    response = self._make_request(
  File "/Users/bulatmuhametzanov/Library/Python/3.9/lib/python/site-packages/urllib3/connectionpool.py", line 493, in _make_request
    conn.request(
  File "/Users/bulatmuhametzanov/Library/Python/3.9/lib/python/site-packages/urllib3/connection.py", line 493, in request
    self.putheader(header, value)
  File "/Users/bulatmuhametzanov/Library/Python/3.9/lib/python/site-packages/urllib3/connection.py", line 407, in putheader
    super().putheader(header, *values)
  File "/Library/Developer/CommandLineTools/Library/Frameworks/Python3.framework/Versions/3.9/lib/python3.9/http/client.py", line 1230, in putheader
    values[i] = one_value.encode('latin-1')
UnicodeEncodeError: 'latin-1' codec can't encode character '\u044b' in position 7: ordinal not in range(256)
2026-01-27 17:10:53 - PinMaster - INFO - [qt_main_window.py:1841] - _init_parser_with_login: запуск инициализации парсера, enable_login=True, headless=False
2026-01-27 17:10:53 - PinMaster - INFO - [qt_main_window.py:1849] - _init_parser_with_login: поток инициализации парсера запущен
2026-01-27 17:10:53 - PinMaster - INFO - [qt_main_window.py:533] - ================================================================================
2026-01-27 17:10:53 - PinMaster - INFO - [qt_main_window.py:534] - ParserInitThread: ИНИЦИАЛИЗАЦИЯ ПАРСЕРА В ПОТОКЕ
2026-01-27 17:10:53 - PinMaster - INFO - [qt_main_window.py:535] - ================================================================================
2026-01-27 17:10:53 - PinMaster - INFO - [qt_main_window.py:536] - ParserInitThread: enable_login=True
2026-01-27 17:10:53 - PinMaster - INFO - [qt_main_window.py:537] - ParserInitThread: headless=False
2026-01-27 17:10:53 - PinMaster - INFO - [qt_main_window.py:538] - ParserInitThread: download_images=True
2026-01-27 17:10:53 - PinMaster - INFO - [qt_main_window.py:539] - ================================================================================
2026-01-27 17:10:53 - PinMaster - INFO - [qt_main_window.py:551] - ParserInitThread: создание PinterestSeleniumParser...
2026-01-27 17:10:59 - PinMaster - INFO - [qt_main_window.py:559] - ParserInitThread: парсер создан успешно
2026-01-27 17:10:59 - PinMaster - DEBUG - [qt_main_window.py:563] - ParserInitThread: проверка драйвера...
2026-01-27 17:10:59 - PinMaster - INFO - [qt_main_window.py:569] - ParserInitThread: Chrome драйвер доступен
2026-01-27 17:10:59 - PinMaster - INFO - [qt_main_window.py:573] - ParserInitThread: отправка сигнала parser_ready...
2026-01-27 17:10:59 - PinMaster - INFO - [qt_main_window.py:576] - ParserInitThread: сигнал parser_ready отправлен
2026-01-27 17:10:59 - PinMaster - INFO - [qt_main_window.py:1863] - on_parser_ready: парсер готов
2026-01-27 17:10:59 - PinMaster - DEBUG - [qt_main_window.py:581] - ParserInitThread: проверка успешности авторизации...
2026-01-27 17:10:59 - PinMaster - INFO - [qt_main_window.py:584] - ParserInitThread: авторизация успешна, отправка сигнала login_completed...
2026-01-27 17:10:59 - PinMaster - INFO - [qt_main_window.py:587] - ParserInitThread: сигнал login_completed отправлен
2026-01-27 17:10:59 - PinMaster - INFO - [qt_main_window.py:593] - ParserInitThread: инициализация парсера завершена успешно
2026-01-27 17:10:59 - PinMaster - INFO - [qt_main_window.py:412] - AccountInfoThread: запуск потока...
2026-01-27 17:10:59 - PinMaster - DEBUG - [qt_main_window.py:415] - AccountInfoThread: проверка парсера...
2026-01-27 17:10:59 - PinMaster - DEBUG - [qt_main_window.py:422] - AccountInfoThread: парсер доступен, получение информации об аккаунте...
2026-01-27 17:11:00 - PinMaster - DEBUG - [qt_main_window.py:426] - AccountInfoThread: информация об аккаунте получена: {'username': 'uazis1', 'profile_url': 'https://ru.pinterest.com/uazis1/', 'pins_url': 'https://ru.pinterest.com/uazis1/_pins/', 'boards_url': 'https://ru.pinterest.com/uazis1/_boards/'}
2026-01-27 17:11:00 - PinMaster - INFO - [qt_main_window.py:446] - AccountInfoThread: парсинг досок для пользователя uazis1...
2026-01-27 17:11:00 - PinMaster - DEBUG - [qt_main_window.py:461] - AccountInfoThread: используем кэш досок для uazis1
2026-01-27 17:11:00 - PinMaster - INFO - [qt_main_window.py:476] - AccountInfoThread: парсинг пинов для пользователя uazis1...
2026-01-27 17:11:00 - PinMaster - DEBUG - [qt_main_window.py:491] - AccountInfoThread: используем кэш пинов для uazis1
2026-01-27 17:11:00 - PinMaster - INFO - [qt_main_window.py:508] - AccountInfoThread: отправка сигнала account_info_ready...
2026-01-27 17:11:00 - PinMaster - INFO - [qt_main_window.py:510] - AccountInfoThread: поток завершен успешно
2026-01-27 17:11:01 - PinMaster - INFO - [qt_main_window.py:412] - AccountInfoThread: запуск потока...
2026-01-27 17:11:01 - PinMaster - DEBUG - [qt_main_window.py:415] - AccountInfoThread: проверка парсера...
2026-01-27 17:11:01 - PinMaster - DEBUG - [qt_main_window.py:422] - AccountInfoThread: парсер доступен, получение информации об аккаунте...
2026-01-27 17:11:02 - PinMaster - DEBUG - [qt_main_window.py:426] - AccountInfoThread: информация об аккаунте получена: {'username': 'uazis1', 'profile_url': 'https://ru.pinterest.com/uazis1/', 'pins_url': 'https://ru.pinterest.com/uazis1/_pins/', 'boards_url': 'https://ru.pinterest.com/uazis1/_boards/'}
2026-01-27 17:11:02 - PinMaster - INFO - [qt_main_window.py:446] - AccountInfoThread: парсинг досок для пользователя uazis1...
2026-01-27 17:11:02 - PinMaster - DEBUG - [qt_main_window.py:461] - AccountInfoThread: используем кэш досок для uazis1
2026-01-27 17:11:02 - PinMaster - INFO - [qt_main_window.py:476] - AccountInfoThread: парсинг пинов для пользователя uazis1...
2026-01-27 17:11:02 - PinMaster - DEBUG - [qt_main_window.py:491] - AccountInfoThread: используем кэш пинов для uazis1
2026-01-27 17:11:02 - PinMaster - INFO - [qt_main_window.py:508] - AccountInfoThread: отправка сигнала account_info_ready...
2026-01-27 17:11:02 - PinMaster - INFO - [qt_main_window.py:510] - AccountInfoThread: поток завершен успешно
2026-01-27 17:15:55 - PinMaster - INFO - [qt_main_window.py:37] - ================================================================================
2026-01-27 17:15:55 - PinMaster - INFO - [qt_main_window.py:38] - ЗАПУСК ПРИЛОЖЕНИЯ PINMASTER
2026-01-27 17:15:55 - PinMaster - INFO - [qt_main_window.py:39] - ================================================================================
2026-01-27 17:15:55 - PinMaster - DEBUG - [qt_main_window.py:43] - Попытка импорта webdriver_frozen_patch...
2026-01-27 17:15:55 - PinMaster - DEBUG - [qt_main_window.py:45] - webdriver_frozen_patch успешно импортирован
2026-01-27 17:15:55 - PinMaster - INFO - [qt_main_window.py:3563] - ================================================================================
2026-01-27 17:15:55 - PinMaster - INFO - [qt_main_window.py:3564] - ТОЧКА ВХОДА: Запуск приложения
2026-01-27 17:15:55 - PinMaster - INFO - [qt_main_window.py:3565] - ================================================================================
2026-01-27 17:15:55 - PinMaster - INFO - [qt_main_window.py:3568] - Создание QApplication...
2026-01-27 17:15:55 - PinMaster - INFO - [qt_main_window.py:3570] - QApplication создан успешно
2026-01-27 17:15:55 - PinMaster - INFO - [qt_main_window.py:3572] - Создание PinterestMainWindow...
2026-01-27 17:15:55 - PinMaster - INFO - [qt_main_window.py:665] - Инициализация PinterestMainWindow...
2026-01-27 17:15:55 - PinMaster - DEBUG - [qt_main_window.py:667] - Вызов super().__init__()...
2026-01-27 17:15:55 - PinMaster - DEBUG - [qt_main_window.py:669] - super().__init__() выполнен успешно
2026-01-27 17:15:55 - PinMaster - DEBUG - [qt_main_window.py:671] - Инициализация переменных экземпляра...
2026-01-27 17:15:55 - PinMaster - DEBUG - [qt_main_window.py:687] - Переменные экземпляра инициализированы
2026-01-27 17:15:55 - PinMaster - INFO - [qt_main_window.py:689] - Вызов setup_ui()...
2026-01-27 17:15:55 - PinMaster - DEBUG - [qt_main_window.py:711] - Начало setup_ui()...
2026-01-27 17:15:55 - PinMaster - DEBUG - [qt_main_window.py:713] - Установка заголовка окна...
2026-01-27 17:15:55 - PinMaster - DEBUG - [qt_main_window.py:715] - Заголовок установлен: PinMaster
2026-01-27 17:15:55 - PinMaster - DEBUG - [qt_main_window.py:717] - Установка минимального размера окна...
2026-01-27 17:15:55 - PinMaster - DEBUG - [qt_main_window.py:721] - Загрузка стилей...
2026-01-27 17:15:55 - PinMaster - DEBUG - [qt_main_window.py:1262] - Начало load_styles()...
2026-01-27 17:15:55 - PinMaster - DEBUG - [qt_main_window.py:1265] - Путь к стилям: /Users/bulatmuhametzanov/Desktop/пинтерест/styles.qss
2026-01-27 17:15:55 - PinMaster - DEBUG - [qt_main_window.py:1268] - Файл стилей открыт, чтение...
2026-01-27 17:15:55 - PinMaster - DEBUG - [qt_main_window.py:1273] - Стили загружены из файла
2026-01-27 17:15:55 - PinMaster - DEBUG - [qt_main_window.py:723] - Стили загружены
2026-01-27 17:15:55 - PinMaster - INFO - [qt_main_window.py:691] - setup_ui() выполнен успешно
2026-01-27 17:15:55 - PinMaster - INFO - [qt_main_window.py:693] - Вызов setup_tray_icon()...
2026-01-27 17:15:55 - PinMaster - DEBUG - [qt_main_window.py:1291] - Начало setup_tray_icon()...
2026-01-27 17:15:55 - PinMaster - DEBUG - [qt_main_window.py:1297] - Создание иконки трея...
2026-01-27 17:15:55 - PinMaster - DEBUG - [qt_main_window.py:1303] - Создание меню трея...
2026-01-27 17:15:55 - PinMaster - DEBUG - [qt_main_window.py:1324] - Иконка трея настроена и отображена
2026-01-27 17:15:55 - PinMaster - INFO - [qt_main_window.py:695] - setup_tray_icon() выполнен успешно
2026-01-27 17:15:55 - PinMaster - INFO - [qt_main_window.py:697] - Вызов load_config()...
2026-01-27 17:15:55 - PinMaster - DEBUG - [qt_main_window.py:1495] - Начало load_config()...
2026-01-27 17:15:55 - PinMaster - DEBUG - [qt_main_window.py:1498] - Путь к конфигу: /Users/bulatmuhametzanov/Desktop/пинтерест/config.json
2026-01-27 17:15:55 - PinMaster - DEBUG - [qt_main_window.py:1501] - Чтение конфига из файла...
2026-01-27 17:15:55 - PinMaster - DEBUG - [qt_main_window.py:1504] - Конфиг загружен из файла
2026-01-27 17:15:55 - PinMaster - INFO - [qt_main_window.py:699] - load_config() выполнен успешно
2026-01-27 17:15:55 - PinMaster - INFO - [qt_main_window.py:701] - Инициализация ToastManager...
2026-01-27 17:15:55 - PinMaster - INFO - [qt_main_window.py:703] - ToastManager инициализирован успешно
2026-01-27 17:15:55 - PinMaster - INFO - [qt_main_window.py:705] - PinterestMainWindow инициализирован успешно
2026-01-27 17:15:55 - PinMaster - INFO - [qt_main_window.py:3574] - PinterestMainWindow создан успешно
2026-01-27 17:15:55 - PinMaster - INFO - [qt_main_window.py:3576] - Отображение окна...
2026-01-27 17:15:55 - PinMaster - INFO - [qt_main_window.py:3578] - Окно отображено, запуск event loop...
2026-01-27 17:15:56 - PinMaster - INFO - [qt_main_window.py:1971] - ConnectionTestThread: запуск проверки подключения к ИИ API...
2026-01-27 17:15:56 - PinMaster - DEBUG - [qt_main_window.py:1973] - ConnectionTestThread: отправка запроса к OpenRouter API...
2026-01-27 17:15:56 - PinMaster - CRITICAL - [qt_main_window.py:2008] - ConnectionTestThread: неожиданная ошибка: 'latin-1' codec can't encode character '\u044b' in position 7: ordinal not in range(256)
Traceback (most recent call last):
  File "/Users/bulatmuhametzanov/Desktop/пинтерест/qt_main_window.py", line 1975, in run
    response = requests.post(
  File "/Users/bulatmuhametzanov/Library/Python/3.9/lib/python/site-packages/requests/api.py", line 115, in post
    return request("post", url, data=data, json=json, **kwargs)
  File "/Users/bulatmuhametzanov/Library/Python/3.9/lib/python/site-packages/requests/api.py", line 59, in request
    return session.request(method=method, url=url, **kwargs)
  File "/Users/bulatmuhametzanov/Library/Python/3.9/lib/python/site-packages/requests/sessions.py", line 589, in request
    resp = self.send(prep, **send_kwargs)
  File "/Users/bulatmuhametzanov/Library/Python/3.9/lib/python/site-packages/requests/sessions.py", line 703, in send
    r = adapter.send(request, **kwargs)
  File "/Users/bulatmuhametzanov/Library/Python/3.9/lib/python/site-packages/requests/adapters.py", line 486, in send
    resp = conn.urlopen(
  File "/Users/bulatmuhametzanov/Library/Python/3.9/lib/python/site-packages/urllib3/connectionpool.py", line 787, in urlopen
    response = self._make_request(
  File "/Users/bulatmuhametzanov/Library/Python/3.9/lib/python/site-packages/urllib3/connectionpool.py", line 493, in _make_request
    conn.request(
  File "/Users/bulatmuhametzanov/Library/Python/3.9/lib/python/site-packages/urllib3/connection.py", line 493, in request
    self.putheader(header, value)
  File "/Users/bulatmuhametzanov/Library/Python/3.9/lib/python/site-packages/urllib3/connection.py", line 407, in putheader
    super().putheader(header, *values)
  File "/Library/Developer/CommandLineTools/Library/Frameworks/Python3.framework/Versions/3.9/lib/python3.9/http/client.py", line 1230, in putheader
    values[i] = one_value.encode('latin-1')
UnicodeEncodeError: 'latin-1' codec can't encode character '\u044b' in position 7: ordinal not in range(256)
2026-01-27 17:15:57 - PinMaster - INFO - [qt_main_window.py:1827] - _init_parser_with_login: запуск инициализации парсера, enable_login=True, headless=False
2026-01-27 17:15:57 - PinMaster - INFO - [qt_main_window.py:1835] - _init_parser_with_login: поток инициализации парсера запущен
2026-01-27 17:15:57 - PinMaster - INFO - [qt_main_window.py:534] - ================================================================================
2026-01-27 17:15:57 - PinMaster - INFO - [qt_main_window.py:535] - ParserInitThread: ИНИЦИАЛИЗАЦИЯ ПАРСЕРА В ПОТОКЕ
2026-01-27 17:15:57 - PinMaster - INFO - [qt_main_window.py:536] - ================================================================================
2026-01-27 17:15:57 - PinMaster - INFO - [qt_main_window.py:537] - ParserInitThread: enable_login=True
2026-01-27 17:15:57 - PinMaster - INFO - [qt_main_window.py:538] - ParserInitThread: headless=False
2026-01-27 17:15:57 - PinMaster - INFO - [qt_main_window.py:539] - ParserInitThread: download_images=True
2026-01-27 17:15:57 - PinMaster - INFO - [qt_main_window.py:540] - ================================================================================
2026-01-27 17:15:57 - PinMaster - INFO - [qt_main_window.py:552] - ParserInitThread: создание PinterestSeleniumParser...
2026-01-27 17:16:06 - PinMaster - INFO - [qt_main_window.py:560] - ParserInitThread: парсер создан успешно
2026-01-27 17:16:06 - PinMaster - DEBUG - [qt_main_window.py:564] - ParserInitThread: проверка драйвера...
2026-01-27 17:16:06 - PinMaster - INFO - [qt_main_window.py:570] - ParserInitThread: Chrome драйвер доступен
2026-01-27 17:16:06 - PinMaster - INFO - [qt_main_window.py:574] - ParserInitThread: отправка сигнала parser_ready...
2026-01-27 17:16:06 - PinMaster - INFO - [qt_main_window.py:1849] - on_parser_ready: парсер готов
2026-01-27 17:16:06 - PinMaster - INFO - [qt_main_window.py:577] - ParserInitThread: сигнал parser_ready отправлен
2026-01-27 17:16:06 - PinMaster - DEBUG - [qt_main_window.py:582] - ParserInitThread: проверка успешности авторизации...
2026-01-27 17:16:06 - PinMaster - INFO - [qt_main_window.py:585] - ParserInitThread: авторизация успешна, отправка сигнала login_completed...
2026-01-27 17:16:06 - PinMaster - INFO - [qt_main_window.py:588] - ParserInitThread: сигнал login_completed отправлен
2026-01-27 17:16:06 - PinMaster - INFO - [qt_main_window.py:594] - ParserInitThread: инициализация парсера завершена успешно
2026-01-27 17:16:06 - PinMaster - INFO - [qt_main_window.py:413] - AccountInfoThread: запуск потока...
2026-01-27 17:16:06 - PinMaster - DEBUG - [qt_main_window.py:416] - AccountInfoThread: проверка парсера...
2026-01-27 17:16:06 - PinMaster - DEBUG - [qt_main_window.py:423] - AccountInfoThread: парсер доступен, получение информации об аккаунте...
2026-01-27 17:16:07 - PinMaster - DEBUG - [qt_main_window.py:427] - AccountInfoThread: информация об аккаунте получена: {'username': 'uazis1', 'profile_url': 'https://ru.pinterest.com/uazis1/', 'pins_url': 'https://ru.pinterest.com/uazis1/_pins/', 'boards_url': 'https://ru.pinterest.com/uazis1/_boards/'}
2026-01-27 17:16:07 - PinMaster - INFO - [qt_main_window.py:447] - AccountInfoThread: парсинг досок для пользователя uazis1...
2026-01-27 17:16:07 - PinMaster - DEBUG - [qt_main_window.py:462] - AccountInfoThread: используем кэш досок для uazis1
2026-01-27 17:16:07 - PinMaster - INFO - [qt_main_window.py:477] - AccountInfoThread: парсинг пинов для пользователя uazis1...
2026-01-27 17:16:07 - PinMaster - DEBUG - [qt_main_window.py:492] - AccountInfoThread: используем кэш пинов для uazis1
2026-01-27 17:16:07 - PinMaster - INFO - [qt_main_window.py:509] - AccountInfoThread: отправка сигнала account_info_ready...
2026-01-27 17:16:07 - PinMaster - INFO - [qt_main_window.py:511] - AccountInfoThread: поток завершен успешно
2026-01-27 17:16:08 - PinMaster - INFO - [qt_main_window.py:413] - AccountInfoThread: запуск потока...
2026-01-27 17:16:08 - PinMaster - DEBUG - [qt_main_window.py:416] - AccountInfoThread: проверка парсера...
2026-01-27 17:16:08 - PinMaster - DEBUG - [qt_main_window.py:423] - AccountInfoThread: парсер доступен, получение информации об аккаунте...
2026-01-27 17:16:09 - PinMaster - DEBUG - [qt_main_window.py:427] - AccountInfoThread: информация об аккаунте получена: {'username': 'uazis1', 'profile_url': 'https://ru.pinterest.com/uazis1/', 'pins_url': 'https://ru.pinterest.com/uazis1/_pins/', 'boards_url': 'https://ru.pinterest.com/uazis1/_boards/'}
2026-01-27 17:16:09 - PinMaster - INFO - [qt_main_window.py:447] - AccountInfoThread: парсинг досок для пользователя uazis1...
2026-01-27 17:16:09 - PinMaster - DEBUG - [qt_main_window.py:462] - AccountInfoThread: используем кэш досок для uazis1
2026-01-27 17:16:09 - PinMaster - INFO - [qt_main_window.py:477] - AccountInfoThread: парсинг пинов для пользователя uazis1...
2026-01-27 17:16:09 - PinMaster - DEBUG - [qt_main_window.py:492] - AccountInfoThread: используем кэш пинов для uazis1
2026-01-27 17:16:09 - PinMaster - INFO - [qt_main_window.py:509] - AccountInfoThread: отправка сигнала account_info_ready...
2026-01-27 17:16:09 - PinMaster - INFO - [qt_main_window.py:511] - AccountInfoThread: поток завершен успешно
2026-01-27 17:17:53 - PinMaster - INFO - [qt_main_window.py:37] - ================================================================================
2026-01-27 17:17:53 - PinMaster - INFO - [qt_main_window.py:38] - ЗАПУСК ПРИЛОЖЕНИЯ PINMASTER
2026-01-27 17:17:53 - PinMaster - INFO - [qt_main_window.py:39] - ================================================================================
2026-01-27 17:17:53 - PinMaster - DEBUG - [qt_main_window.py:43] - Попытка импорта webdriver_frozen_patch...
2026-01-27 17:17:53 - PinMaster - DEBUG - [qt_main_window.py:45] - webdriver_frozen_patch успешно импортирован
2026-01-27 17:17:53 - PinMaster - INFO - [qt_main_window.py:3571] - ================================================================================
2026-01-27 17:17:53 - PinMaster - INFO - [qt_main_window.py:3572] - ТОЧКА ВХОДА: Запуск приложения
2026-01-27 17:17:53 - PinMaster - INFO - [qt_main_window.py:3573] - ================================================================================
2026-01-27 17:17:53 - PinMaster - INFO - [qt_main_window.py:3576] - Создание QApplication...
2026-01-27 17:17:53 - PinMaster - INFO - [qt_main_window.py:3578] - QApplication создан успешно
2026-01-27 17:17:53 - PinMaster - INFO - [qt_main_window.py:3580] - Создание PinterestMainWindow...
2026-01-27 17:17:53 - PinMaster - INFO - [qt_main_window.py:668] - Инициализация PinterestMainWindow...
2026-01-27 17:17:53 - PinMaster - DEBUG - [qt_main_window.py:670] - Вызов super().__init__()...
2026-01-27 17:17:53 - PinMaster - DEBUG - [qt_main_window.py:672] - super().__init__() выполнен успешно
2026-01-27 17:17:53 - PinMaster - DEBUG - [qt_main_window.py:674] - Инициализация переменных экземпляра...
2026-01-27 17:17:53 - PinMaster - DEBUG - [qt_main_window.py:690] - Переменные экземпляра инициализированы
2026-01-27 17:17:53 - PinMaster - INFO - [qt_main_window.py:692] - Вызов setup_ui()...
2026-01-27 17:17:53 - PinMaster - DEBUG - [qt_main_window.py:714] - Начало setup_ui()...
2026-01-27 17:17:53 - PinMaster - DEBUG - [qt_main_window.py:716] - Установка заголовка окна...
2026-01-27 17:17:53 - PinMaster - DEBUG - [qt_main_window.py:718] - Заголовок установлен: PinMaster
2026-01-27 17:17:53 - PinMaster - DEBUG - [qt_main_window.py:720] - Установка минимального размера окна...
2026-01-27 17:17:53 - PinMaster - DEBUG - [qt_main_window.py:724] - Загрузка стилей...
2026-01-27 17:17:53 - PinMaster - DEBUG - [qt_main_window.py:1270] - Начало load_styles()...
2026-01-27 17:17:53 - PinMaster - DEBUG - [qt_main_window.py:1273] - Путь к стилям: /Users/bulatmuhametzanov/Desktop/пинтерест/styles.qss
2026-01-27 17:17:53 - PinMaster - DEBUG - [qt_main_window.py:1276] - Файл стилей открыт, чтение...
2026-01-27 17:17:53 - PinMaster - DEBUG - [qt_main_window.py:1281] - Стили загружены из файла
2026-01-27 17:17:53 - PinMaster - DEBUG - [qt_main_window.py:726] - Стили загружены
2026-01-27 17:17:53 - PinMaster - INFO - [qt_main_window.py:694] - setup_ui() выполнен успешно
2026-01-27 17:17:53 - PinMaster - INFO - [qt_main_window.py:696] - Вызов setup_tray_icon()...
2026-01-27 17:17:53 - PinMaster - DEBUG - [qt_main_window.py:1299] - Начало setup_tray_icon()...
2026-01-27 17:17:53 - PinMaster - DEBUG - [qt_main_window.py:1305] - Создание иконки трея...
2026-01-27 17:17:53 - PinMaster - DEBUG - [qt_main_window.py:1311] - Создание меню трея...
2026-01-27 17:17:53 - PinMaster - DEBUG - [qt_main_window.py:1332] - Иконка трея настроена и отображена
2026-01-27 17:17:53 - PinMaster - INFO - [qt_main_window.py:698] - setup_tray_icon() выполнен успешно
2026-01-27 17:17:53 - PinMaster - INFO - [qt_main_window.py:700] - Вызов load_config()...
2026-01-27 17:17:53 - PinMaster - DEBUG - [qt_main_window.py:1503] - Начало load_config()...
2026-01-27 17:17:53 - PinMaster - DEBUG - [qt_main_window.py:1506] - Путь к конфигу: /Users/bulatmuhametzanov/Desktop/пинтерест/config.json
2026-01-27 17:17:53 - PinMaster - DEBUG - [qt_main_window.py:1509] - Чтение конфига из файла...
2026-01-27 17:17:53 - PinMaster - DEBUG - [qt_main_window.py:1512] - Конфиг загружен из файла
2026-01-27 17:17:53 - PinMaster - INFO - [qt_main_window.py:702] - load_config() выполнен успешно
2026-01-27 17:17:53 - PinMaster - INFO - [qt_main_window.py:704] - Инициализация ToastManager...
2026-01-27 17:17:53 - PinMaster - INFO - [qt_main_window.py:706] - ToastManager инициализирован успешно
2026-01-27 17:17:53 - PinMaster - INFO - [qt_main_window.py:708] - PinterestMainWindow инициализирован успешно
2026-01-27 17:17:53 - PinMaster - INFO - [qt_main_window.py:3582] - PinterestMainWindow создан успешно
2026-01-27 17:17:53 - PinMaster - INFO - [qt_main_window.py:3584] - Отображение окна...
2026-01-27 17:17:53 - PinMaster - INFO - [qt_main_window.py:3586] - Окно отображено, запуск event loop...
2026-01-27 17:17:54 - PinMaster - INFO - [qt_main_window.py:1979] - ConnectionTestThread: запуск проверки подключения к ИИ API...
2026-01-27 17:17:54 - PinMaster - DEBUG - [qt_main_window.py:1981] - ConnectionTestThread: отправка запроса к OpenRouter API...
2026-01-27 17:17:54 - PinMaster - CRITICAL - [qt_main_window.py:2016] - ConnectionTestThread: неожиданная ошибка: 'latin-1' codec can't encode character '\u044b' in position 7: ordinal not in range(256)
Traceback (most recent call last):
  File "/Users/bulatmuhametzanov/Desktop/пинтерест/qt_main_window.py", line 1983, in run
    response = requests.post(
  File "/Users/bulatmuhametzanov/Library/Python/3.9/lib/python/site-packages/requests/api.py", line 115, in post
    return request("post", url, data=data, json=json, **kwargs)
  File "/Users/bulatmuhametzanov/Library/Python/3.9/lib/python/site-packages/requests/api.py", line 59, in request
    return session.request(method=method, url=url, **kwargs)
  File "/Users/bulatmuhametzanov/Library/Python/3.9/lib/python/site-packages/requests/sessions.py", line 589, in request
    resp = self.send(prep, **send_kwargs)
  File "/Users/bulatmuhametzanov/Library/Python/3.9/lib/python/site-packages/requests/sessions.py", line 703, in send
    r = adapter.send(request, **kwargs)
  File "/Users/bulatmuhametzanov/Library/Python/3.9/lib/python/site-packages/requests/adapters.py", line 486, in send
    resp = conn.urlopen(
  File "/Users/bulatmuhametzanov/Library/Python/3.9/lib/python/site-packages/urllib3/connectionpool.py", line 787, in urlopen
    response = self._make_request(
  File "/Users/bulatmuhametzanov/Library/Python/3.9/lib/python/site-packages/urllib3/connectionpool.py", line 493, in _make_request
    conn.request(
  File "/Users/bulatmuhametzanov/Library/Python/3.9/lib/python/site-packages/urllib3/connection.py", line 493, in request
    self.putheader(header, value)
  File "/Users/bulatmuhametzanov/Library/Python/3.9/lib/python/site-packages/urllib3/connection.py", line 407, in putheader
    super().putheader(header, *values)
  File "/Library/Developer/CommandLineTools/Library/Frameworks/Python3.framework/Versions/3.9/lib/python3.9/http/client.py", line 1230, in putheader
    values[i] = one_value.encode('latin-1')
UnicodeEncodeError: 'latin-1' codec can't encode character '\u044b' in position 7: ordinal not in range(256)
2026-01-27 17:17:55 - PinMaster - INFO - [qt_main_window.py:1835] - _init_parser_with_login: запуск инициализации парсера, enable_login=True, headless=False
2026-01-27 17:17:55 - PinMaster - INFO - [qt_main_window.py:1843] - _init_parser_with_login: поток инициализации парсера запущен
2026-01-27 17:17:55 - PinMaster - INFO - [qt_main_window.py:537] - ================================================================================
2026-01-27 17:17:55 - PinMaster - INFO - [qt_main_window.py:538] - ParserInitThread: ИНИЦИАЛИЗАЦИЯ ПАРСЕРА В ПОТОКЕ
2026-01-27 17:17:55 - PinMaster - INFO - [qt_main_window.py:539] - ================================================================================
2026-01-27 17:17:55 - PinMaster - INFO - [qt_main_window.py:540] - ParserInitThread: enable_login=True
2026-01-27 17:17:55 - PinMaster - INFO - [qt_main_window.py:541] - ParserInitThread: headless=False
2026-01-27 17:17:55 - PinMaster - INFO - [qt_main_window.py:542] - ParserInitThread: download_images=True
2026-01-27 17:17:55 - PinMaster - INFO - [qt_main_window.py:543] - ================================================================================
2026-01-27 17:17:55 - PinMaster - INFO - [qt_main_window.py:555] - ParserInitThread: создание PinterestSeleniumParser...
2026-01-27 17:19:24 - PinMaster - INFO - [qt_main_window.py:37] - ================================================================================
2026-01-27 17:19:24 - PinMaster - INFO - [qt_main_window.py:38] - ЗАПУСК ПРИЛОЖЕНИЯ PINMASTER
2026-01-27 17:19:24 - PinMaster - INFO - [qt_main_window.py:39] - ================================================================================
2026-01-27 17:19:24 - PinMaster - DEBUG - [qt_main_window.py:43] - Попытка импорта webdriver_frozen_patch...
2026-01-27 17:19:24 - PinMaster - DEBUG - [qt_main_window.py:45] - webdriver_frozen_patch успешно импортирован
2026-01-27 17:19:24 - PinMaster - INFO - [qt_main_window.py:3575] - ================================================================================
2026-01-27 17:19:24 - PinMaster - INFO - [qt_main_window.py:3576] - ТОЧКА ВХОДА: Запуск приложения
2026-01-27 17:19:24 - PinMaster - INFO - [qt_main_window.py:3577] - ================================================================================
2026-01-27 17:19:24 - PinMaster - INFO - [qt_main_window.py:3580] - Создание QApplication...
2026-01-27 17:19:24 - PinMaster - INFO - [qt_main_window.py:3582] - QApplication создан успешно
2026-01-27 17:19:24 - PinMaster - INFO - [qt_main_window.py:3584] - Создание PinterestMainWindow...
2026-01-27 17:19:24 - PinMaster - INFO - [qt_main_window.py:668] - Инициализация PinterestMainWindow...
2026-01-27 17:19:24 - PinMaster - DEBUG - [qt_main_window.py:670] - Вызов super().__init__()...
2026-01-27 17:19:24 - PinMaster - DEBUG - [qt_main_window.py:672] - super().__init__() выполнен успешно
2026-01-27 17:19:24 - PinMaster - DEBUG - [qt_main_window.py:674] - Инициализация переменных экземпляра...
2026-01-27 17:19:24 - PinMaster - DEBUG - [qt_main_window.py:690] - Переменные экземпляра инициализированы
2026-01-27 17:19:24 - PinMaster - INFO - [qt_main_window.py:692] - Вызов setup_ui()...
2026-01-27 17:19:24 - PinMaster - DEBUG - [qt_main_window.py:714] - Начало setup_ui()...
2026-01-27 17:19:24 - PinMaster - DEBUG - [qt_main_window.py:716] - Установка заголовка окна...
2026-01-27 17:19:24 - PinMaster - DEBUG - [qt_main_window.py:718] - Заголовок установлен: PinMaster
2026-01-27 17:19:24 - PinMaster - DEBUG - [qt_main_window.py:720] - Установка минимального размера окна...
2026-01-27 17:19:24 - PinMaster - DEBUG - [qt_main_window.py:724] - Загрузка стилей...
2026-01-27 17:19:24 - PinMaster - DEBUG - [qt_main_window.py:1274] - Начало load_styles()...
2026-01-27 17:19:24 - PinMaster - DEBUG - [qt_main_window.py:1277] - Путь к стилям: /Users/bulatmuhametzanov/Desktop/пинтерест/styles.qss
2026-01-27 17:19:24 - PinMaster - DEBUG - [qt_main_window.py:1280] - Файл стилей открыт, чтение...
2026-01-27 17:19:24 - PinMaster - DEBUG - [qt_main_window.py:1285] - Стили загружены из файла
2026-01-27 17:19:24 - PinMaster - DEBUG - [qt_main_window.py:726] - Стили загружены
2026-01-27 17:19:24 - PinMaster - INFO - [qt_main_window.py:694] - setup_ui() выполнен успешно
2026-01-27 17:19:24 - PinMaster - INFO - [qt_main_window.py:696] - Вызов setup_tray_icon()...
2026-01-27 17:19:24 - PinMaster - DEBUG - [qt_main_window.py:1303] - Начало setup_tray_icon()...
2026-01-27 17:19:24 - PinMaster - DEBUG - [qt_main_window.py:1309] - Создание иконки трея...
2026-01-27 17:19:24 - PinMaster - DEBUG - [qt_main_window.py:1315] - Создание меню трея...
2026-01-27 17:19:24 - PinMaster - DEBUG - [qt_main_window.py:1336] - Иконка трея настроена и отображена
2026-01-27 17:19:24 - PinMaster - INFO - [qt_main_window.py:698] - setup_tray_icon() выполнен успешно
2026-01-27 17:19:24 - PinMaster - INFO - [qt_main_window.py:700] - Вызов load_config()...
2026-01-27 17:19:24 - PinMaster - DEBUG - [qt_main_window.py:1507] - Начало load_config()...
2026-01-27 17:19:24 - PinMaster - DEBUG - [qt_main_window.py:1510] - Путь к конфигу: /Users/bulatmuhametzanov/Desktop/пинтерест/config.json
2026-01-27 17:19:24 - PinMaster - DEBUG - [qt_main_window.py:1513] - Чтение конфига из файла...
2026-01-27 17:19:24 - PinMaster - DEBUG - [qt_main_window.py:1516] - Конфиг загружен из файла
2026-01-27 17:19:24 - PinMaster - INFO - [qt_main_window.py:702] - load_config() выполнен успешно
2026-01-27 17:19:24 - PinMaster - INFO - [qt_main_window.py:704] - Инициализация ToastManager...
2026-01-27 17:19:24 - PinMaster - INFO - [qt_main_window.py:706] - ToastManager инициализирован успешно
2026-01-27 17:19:24 - PinMaster - INFO - [qt_main_window.py:708] - PinterestMainWindow инициализирован успешно
2026-01-27 17:19:24 - PinMaster - INFO - [qt_main_window.py:3586] - PinterestMainWindow создан успешно
2026-01-27 17:19:24 - PinMaster - INFO - [qt_main_window.py:3588] - Отображение окна...
2026-01-27 17:19:24 - PinMaster - INFO - [qt_main_window.py:3590] - Окно отображено, запуск event loop...
2026-01-27 17:19:25 - PinMaster - INFO - [qt_main_window.py:1983] - ConnectionTestThread: запуск проверки подключения к ИИ API...
2026-01-27 17:19:25 - PinMaster - DEBUG - [qt_main_window.py:1985] - ConnectionTestThread: отправка запроса к OpenRouter API...
2026-01-27 17:19:25 - PinMaster - CRITICAL - [qt_main_window.py:2020] - ConnectionTestThread: неожиданная ошибка: 'latin-1' codec can't encode character '\u044b' in position 7: ordinal not in range(256)
Traceback (most recent call last):
  File "/Users/bulatmuhametzanov/Desktop/пинтерест/qt_main_window.py", line 1987, in run
    response = requests.post(
  File "/Users/bulatmuhametzanov/Library/Python/3.9/lib/python/site-packages/requests/api.py", line 115, in post
    return request("post", url, data=data, json=json, **kwargs)
  File "/Users/bulatmuhametzanov/Library/Python/3.9/lib/python/site-packages/requests/api.py", line 59, in request
    return session.request(method=method, url=url, **kwargs)
  File "/Users/bulatmuhametzanov/Library/Python/3.9/lib/python/site-packages/requests/sessions.py", line 589, in request
    resp = self.send(prep, **send_kwargs)
  File "/Users/bulatmuhametzanov/Library/Python/3.9/lib/python/site-packages/requests/sessions.py", line 703, in send
    r = adapter.send(request, **kwargs)
  File "/Users/bulatmuhametzanov/Library/Python/3.9/lib/python/site-packages/requests/adapters.py", line 486, in send
    resp = conn.urlopen(
  File "/Users/bulatmuhametzanov/Library/Python/3.9/lib/python/site-packages/urllib3/connectionpool.py", line 787, in urlopen
    response = self._make_request(
  File "/Users/bulatmuhametzanov/Library/Python/3.9/lib/python/site-packages/urllib3/connectionpool.py", line 493, in _make_request
    conn.request(
  File "/Users/bulatmuhametzanov/Library/Python/3.9/lib/python/site-packages/urllib3/connection.py", line 493, in request
    self.putheader(header, value)
  File "/Users/bulatmuhametzanov/Library/Python/3.9/lib/python/site-packages/urllib3/connection.py", line 407, in putheader
    super().putheader(header, *values)
  File "/Library/Developer/CommandLineTools/Library/Frameworks/Python3.framework/Versions/3.9/lib/python3.9/http/client.py", line 1230, in putheader
    values[i] = one_value.encode('latin-1')
UnicodeEncodeError: 'latin-1' codec can't encode character '\u044b' in position 7: ordinal not in range(256)
2026-01-27 17:19:26 - PinMaster - INFO - [qt_main_window.py:1839] - _init_parser_with_login: запуск инициализации парсера, enable_login=True, headless=False
2026-01-27 17:19:26 - PinMaster - INFO - [qt_main_window.py:1847] - _init_parser_with_login: поток инициализации парсера запущен
2026-01-27 17:19:26 - PinMaster - INFO - [qt_main_window.py:537] - ================================================================================
2026-01-27 17:19:26 - PinMaster - INFO - [qt_main_window.py:538] - ParserInitThread: ИНИЦИАЛИЗАЦИЯ ПАРСЕРА В ПОТОКЕ
2026-01-27 17:19:26 - PinMaster - INFO - [qt_main_window.py:539] - ================================================================================
2026-01-27 17:19:26 - PinMaster - INFO - [qt_main_window.py:540] - ParserInitThread: enable_login=True
2026-01-27 17:19:26 - PinMaster - INFO - [qt_main_window.py:541] - ParserInitThread: headless=False
2026-01-27 17:19:26 - PinMaster - INFO - [qt_main_window.py:542] - ParserInitThread: download_images=True
2026-01-27 17:19:26 - PinMaster - INFO - [qt_main_window.py:543] - ================================================================================
2026-01-27 17:19:26 - PinMaster - INFO - [qt_main_window.py:555] - ParserInitThread: создание PinterestSeleniumParser...
2026-01-27 17:19:26 - PinMaster - INFO - [qt_main_window.py:563] - ParserInitThread: парсер создан успешно
2026-01-27 17:19:26 - PinMaster - DEBUG - [qt_main_window.py:567] - ParserInitThread: проверка драйвера...
2026-01-27 17:19:26 - PinMaster - INFO - [qt_main_window.py:573] - ParserInitThread: Chrome драйвер доступен
2026-01-27 17:19:26 - PinMaster - INFO - [qt_main_window.py:577] - ParserInitThread: отправка сигнала parser_ready...
2026-01-27 17:19:26 - PinMaster - INFO - [qt_main_window.py:580] - ParserInitThread: сигнал parser_ready отправлен
2026-01-27 17:19:26 - PinMaster - INFO - [qt_main_window.py:1857] - on_parser_ready: парсер готов
2026-01-27 17:19:26 - PinMaster - DEBUG - [qt_main_window.py:585] - ParserInitThread: проверка успешности авторизации...
2026-01-27 17:19:26 - PinMaster - WARNING - [qt_main_window.py:594] - ParserInitThread: авторизация не завершена или не удалась
2026-01-27 17:19:26 - PinMaster - INFO - [qt_main_window.py:597] - ParserInitThread: инициализация парсера завершена успешно
2026-01-27 17:19:26 - PinMaster - INFO - [qt_main_window.py:416] - AccountInfoThread: запуск потока...
2026-01-27 17:19:26 - PinMaster - DEBUG - [qt_main_window.py:419] - AccountInfoThread: проверка парсера...
2026-01-27 17:19:26 - PinMaster - DEBUG - [qt_main_window.py:426] - AccountInfoThread: парсер доступен, получение информации об аккаунте...
2026-01-27 17:19:26 - PinMaster - DEBUG - [qt_main_window.py:430] - AccountInfoThread: информация об аккаунте получена: None
2026-01-27 17:19:26 - PinMaster - ERROR - [qt_main_window.py:439] - AccountInfoThread: Не удалось получить информацию об аккаунте
2026-01-27 17:19:34 - PinMaster - INFO - [qt_main_window.py:563] - ParserInitThread: парсер создан успешно
2026-01-27 17:19:34 - PinMaster - DEBUG - [qt_main_window.py:567] - ParserInitThread: проверка драйвера...
2026-01-27 17:19:34 - PinMaster - INFO - [qt_main_window.py:573] - ParserInitThread: Chrome драйвер доступен
2026-01-27 17:19:34 - PinMaster - INFO - [qt_main_window.py:577] - ParserInitThread: отправка сигнала parser_ready...
2026-01-27 17:19:34 - PinMaster - INFO - [qt_main_window.py:580] - ParserInitThread: сигнал parser_ready отправлен
2026-01-27 17:19:34 - PinMaster - INFO - [qt_main_window.py:1861] - on_parser_ready: парсер готов
2026-01-27 17:19:34 - PinMaster - DEBUG - [qt_main_window.py:585] - ParserInitThread: проверка успешности авторизации...
2026-01-27 17:19:34 - PinMaster - INFO - [qt_main_window.py:588] - ParserInitThread: авторизация успешна, отправка сигнала login_completed...
2026-01-27 17:19:34 - PinMaster - INFO - [qt_main_window.py:591] - ParserInitThread: сигнал login_completed отправлен
2026-01-27 17:19:34 - PinMaster - INFO - [qt_main_window.py:597] - ParserInitThread: инициализация парсера завершена успешно
2026-01-27 17:19:34 - PinMaster - INFO - [qt_main_window.py:416] - AccountInfoThread: запуск потока...
2026-01-27 17:19:34 - PinMaster - DEBUG - [qt_main_window.py:419] - AccountInfoThread: проверка парсера...
2026-01-27 17:19:34 - PinMaster - DEBUG - [qt_main_window.py:426] - AccountInfoThread: парсер доступен, получение информации об аккаунте...
2026-01-27 17:19:38 - PinMaster - DEBUG - [qt_main_window.py:430] - AccountInfoThread: информация об аккаунте получена: None
2026-01-27 17:19:38 - PinMaster - ERROR - [qt_main_window.py:439] - AccountInfoThread: Не удалось получить информацию об аккаунте
2026-01-27 17:21:09 - PinMaster - INFO - [qt_main_window.py:3581] - Event loop завершен с кодом: 0
2026-01-27 17:21:10 - PinMaster - INFO - [qt_main_window.py:3595] - Event loop завершен с кодом: 0
2026-01-27 17:22:24 - PinMaster - INFO - [qt_main_window.py:37] - ================================================================================
2026-01-27 17:22:24 - PinMaster - INFO - [qt_main_window.py:38] - ЗАПУСК ПРИЛОЖЕНИЯ PINMASTER
2026-01-27 17:22:24 - PinMaster - INFO - [qt_main_window.py:39] - ================================================================================
2026-01-27 17:22:24 - PinMaster - DEBUG - [qt_main_window.py:43] - Попытка импорта webdriver_frozen_patch...
2026-01-27 17:22:24 - PinMaster - DEBUG - [qt_main_window.py:45] - webdriver_frozen_patch успешно импортирован
2026-01-27 17:22:25 - PinMaster - INFO - [qt_main_window.py:3575] - ================================================================================
2026-01-27 17:22:25 - PinMaster - INFO - [qt_main_window.py:3576] - ТОЧКА ВХОДА: Запуск приложения
2026-01-27 17:22:25 - PinMaster - INFO - [qt_main_window.py:3577] - ================================================================================
2026-01-27 17:22:25 - PinMaster - INFO - [qt_main_window.py:3580] - Создание QApplication...
2026-01-27 17:22:25 - PinMaster - INFO - [qt_main_window.py:3582] - QApplication создан успешно
2026-01-27 17:22:25 - PinMaster - INFO - [qt_main_window.py:3584] - Создание PinterestMainWindow...
2026-01-27 17:22:25 - PinMaster - INFO - [qt_main_window.py:668] - Инициализация PinterestMainWindow...
2026-01-27 17:22:25 - PinMaster - DEBUG - [qt_main_window.py:670] - Вызов super().__init__()...
2026-01-27 17:22:25 - PinMaster - DEBUG - [qt_main_window.py:672] - super().__init__() выполнен успешно
2026-01-27 17:22:25 - PinMaster - DEBUG - [qt_main_window.py:674] - Инициализация переменных экземпляра...
2026-01-27 17:22:25 - PinMaster - DEBUG - [qt_main_window.py:690] - Переменные экземпляра инициализированы
2026-01-27 17:22:25 - PinMaster - INFO - [qt_main_window.py:692] - Вызов setup_ui()...
2026-01-27 17:22:25 - PinMaster - DEBUG - [qt_main_window.py:714] - Начало setup_ui()...
2026-01-27 17:22:25 - PinMaster - DEBUG - [qt_main_window.py:716] - Установка заголовка окна...
2026-01-27 17:22:25 - PinMaster - DEBUG - [qt_main_window.py:718] - Заголовок установлен: PinMaster
2026-01-27 17:22:25 - PinMaster - DEBUG - [qt_main_window.py:720] - Установка минимального размера окна...
2026-01-27 17:22:25 - PinMaster - DEBUG - [qt_main_window.py:724] - Загрузка стилей...
2026-01-27 17:22:25 - PinMaster - DEBUG - [qt_main_window.py:1274] - Начало load_styles()...
2026-01-27 17:22:25 - PinMaster - DEBUG - [qt_main_window.py:1277] - Путь к стилям: /Users/bulatmuhametzanov/Desktop/пинтерест/styles.qss
2026-01-27 17:22:25 - PinMaster - DEBUG - [qt_main_window.py:1280] - Файл стилей открыт, чтение...
2026-01-27 17:22:25 - PinMaster - DEBUG - [qt_main_window.py:1285] - Стили загружены из файла
2026-01-27 17:22:25 - PinMaster - DEBUG - [qt_main_window.py:726] - Стили загружены
2026-01-27 17:22:25 - PinMaster - INFO - [qt_main_window.py:694] - setup_ui() выполнен успешно
2026-01-27 17:22:25 - PinMaster - INFO - [qt_main_window.py:696] - Вызов setup_tray_icon()...
2026-01-27 17:22:25 - PinMaster - DEBUG - [qt_main_window.py:1303] - Начало setup_tray_icon()...
2026-01-27 17:22:25 - PinMaster - DEBUG - [qt_main_window.py:1309] - Создание иконки трея...
2026-01-27 17:22:25 - PinMaster - DEBUG - [qt_main_window.py:1315] - Создание меню трея...
2026-01-27 17:22:25 - PinMaster - DEBUG - [qt_main_window.py:1336] - Иконка трея настроена и отображена
2026-01-27 17:22:25 - PinMaster - INFO - [qt_main_window.py:698] - setup_tray_icon() выполнен успешно
2026-01-27 17:22:25 - PinMaster - INFO - [qt_main_window.py:700] - Вызов load_config()...
2026-01-27 17:22:25 - PinMaster - DEBUG - [qt_main_window.py:1507] - Начало load_config()...
2026-01-27 17:22:25 - PinMaster - DEBUG - [qt_main_window.py:1510] - Путь к конфигу: /Users/bulatmuhametzanov/Desktop/пинтерест/config.json
2026-01-27 17:22:25 - PinMaster - DEBUG - [qt_main_window.py:1513] - Чтение конфига из файла...
2026-01-27 17:22:25 - PinMaster - DEBUG - [qt_main_window.py:1516] - Конфиг загружен из файла
2026-01-27 17:22:25 - PinMaster - INFO - [qt_main_window.py:702] - load_config() выполнен успешно
2026-01-27 17:22:25 - PinMaster - INFO - [qt_main_window.py:704] - Инициализация ToastManager...
2026-01-27 17:22:25 - PinMaster - INFO - [qt_main_window.py:706] - ToastManager инициализирован успешно
2026-01-27 17:22:25 - PinMaster - INFO - [qt_main_window.py:708] - PinterestMainWindow инициализирован успешно
2026-01-27 17:22:25 - PinMaster - INFO - [qt_main_window.py:3586] - PinterestMainWindow создан успешно
2026-01-27 17:22:25 - PinMaster - INFO - [qt_main_window.py:3588] - Отображение окна...
2026-01-27 17:22:25 - PinMaster - INFO - [qt_main_window.py:3590] - Окно отображено, запуск event loop...
2026-01-27 17:22:25 - PinMaster - INFO - [qt_main_window.py:1983] - ConnectionTestThread: запуск проверки подключения к ИИ API...
2026-01-27 17:22:25 - PinMaster - DEBUG - [qt_main_window.py:1985] - ConnectionTestThread: отправка запроса к OpenRouter API...
2026-01-27 17:22:26 - PinMaster - CRITICAL - [qt_main_window.py:2020] - ConnectionTestThread: неожиданная ошибка: 'latin-1' codec can't encode character '\u044b' in position 7: ordinal not in range(256)
Traceback (most recent call last):
  File "/Users/bulatmuhametzanov/Desktop/пинтерест/qt_main_window.py", line 1987, in run
    response = requests.post(
  File "/Users/bulatmuhametzanov/Library/Python/3.9/lib/python/site-packages/requests/api.py", line 115, in post
    return request("post", url, data=data, json=json, **kwargs)
  File "/Users/bulatmuhametzanov/Library/Python/3.9/lib/python/site-packages/requests/api.py", line 59, in request
    return session.request(method=method, url=url, **kwargs)
  File "/Users/bulatmuhametzanov/Library/Python/3.9/lib/python/site-packages/requests/sessions.py", line 589, in request
    resp = self.send(prep, **send_kwargs)
  File "/Users/bulatmuhametzanov/Library/Python/3.9/lib/python/site-packages/requests/sessions.py", line 703, in send
    r = adapter.send(request, **kwargs)
  File "/Users/bulatmuhametzanov/Library/Python/3.9/lib/python/site-packages/requests/adapters.py", line 486, in send
    resp = conn.urlopen(
  File "/Users/bulatmuhametzanov/Library/Python/3.9/lib/python/site-packages/urllib3/connectionpool.py", line 787, in urlopen
    response = self._make_request(
  File "/Users/bulatmuhametzanov/Library/Python/3.9/lib/python/site-packages/urllib3/connectionpool.py", line 493, in _make_request
    conn.request(
  File "/Users/bulatmuhametzanov/Library/Python/3.9/lib/python/site-packages/urllib3/connection.py", line 493, in request
    self.putheader(header, value)
  File "/Users/bulatmuhametzanov/Library/Python/3.9/lib/python/site-packages/urllib3/connection.py", line 407, in putheader
    super().putheader(header, *values)
  File "/Library/Developer/CommandLineTools/Library/Frameworks/Python3.framework/Versions/3.9/lib/python3.9/http/client.py", line 1230, in putheader
    values[i] = one_value.encode('latin-1')
UnicodeEncodeError: 'latin-1' codec can't encode character '\u044b' in position 7: ordinal not in range(256)
2026-01-27 17:22:27 - PinMaster - INFO - [qt_main_window.py:1839] - _init_parser_with_login: запуск инициализации парсера, enable_login=True, headless=False
2026-01-27 17:22:27 - PinMaster - INFO - [qt_main_window.py:1847] - _init_parser_with_login: поток инициализации парсера запущен
2026-01-27 17:22:27 - PinMaster - INFO - [qt_main_window.py:537] - ================================================================================
2026-01-27 17:22:27 - PinMaster - INFO - [qt_main_window.py:538] - ParserInitThread: ИНИЦИАЛИЗАЦИЯ ПАРСЕРА В ПОТОКЕ
2026-01-27 17:22:27 - PinMaster - INFO - [qt_main_window.py:539] - ================================================================================
2026-01-27 17:22:27 - PinMaster - INFO - [qt_main_window.py:540] - ParserInitThread: enable_login=True
2026-01-27 17:22:27 - PinMaster - INFO - [qt_main_window.py:541] - ParserInitThread: headless=False
2026-01-27 17:22:27 - PinMaster - INFO - [qt_main_window.py:542] - ParserInitThread: download_images=True
2026-01-27 17:22:27 - PinMaster - INFO - [qt_main_window.py:543] - ================================================================================
2026-01-27 17:22:27 - PinMaster - INFO - [qt_main_window.py:555] - ParserInitThread: создание PinterestSeleniumParser...
2026-01-27 17:22:37 - PinMaster - INFO - [qt_main_window.py:563] - ParserInitThread: парсер создан успешно
2026-01-27 17:22:37 - PinMaster - DEBUG - [qt_main_window.py:567] - ParserInitThread: проверка драйвера...
2026-01-27 17:22:37 - PinMaster - INFO - [qt_main_window.py:573] - ParserInitThread: Chrome драйвер доступен
2026-01-27 17:22:37 - PinMaster - INFO - [qt_main_window.py:577] - ParserInitThread: отправка сигнала parser_ready...
2026-01-27 17:22:37 - PinMaster - INFO - [qt_main_window.py:580] - ParserInitThread: сигнал parser_ready отправлен
2026-01-27 17:22:37 - PinMaster - INFO - [qt_main_window.py:1861] - on_parser_ready: парсер готов
2026-01-27 17:22:37 - PinMaster - DEBUG - [qt_main_window.py:585] - ParserInitThread: проверка успешности авторизации...
2026-01-27 17:22:37 - PinMaster - INFO - [qt_main_window.py:588] - ParserInitThread: авторизация успешна, отправка сигнала login_completed...
2026-01-27 17:22:37 - PinMaster - INFO - [qt_main_window.py:416] - AccountInfoThread: запуск потока...
2026-01-27 17:22:37 - PinMaster - INFO - [qt_main_window.py:591] - ParserInitThread: сигнал login_completed отправлен
2026-01-27 17:22:37 - PinMaster - INFO - [qt_main_window.py:597] - ParserInitThread: инициализация парсера завершена успешно
2026-01-27 17:22:37 - PinMaster - DEBUG - [qt_main_window.py:419] - AccountInfoThread: проверка парсера...
2026-01-27 17:22:37 - PinMaster - DEBUG - [qt_main_window.py:426] - AccountInfoThread: парсер доступен, получение информации об аккаунте...
2026-01-27 17:22:38 - PinMaster - DEBUG - [qt_main_window.py:430] - AccountInfoThread: информация об аккаунте получена: {'username': 'uazis1', 'profile_url': 'https://ru.pinterest.com/uazis1/', 'pins_url': 'https://ru.pinterest.com/uazis1/_pins/', 'boards_url': 'https://ru.pinterest.com/uazis1/_boards/'}
2026-01-27 17:22:38 - PinMaster - INFO - [qt_main_window.py:450] - AccountInfoThread: парсинг досок для пользователя uazis1...
2026-01-27 17:22:38 - PinMaster - DEBUG - [qt_main_window.py:465] - AccountInfoThread: используем кэш досок для uazis1
2026-01-27 17:22:38 - PinMaster - INFO - [qt_main_window.py:480] - AccountInfoThread: парсинг пинов для пользователя uazis1...
2026-01-27 17:22:38 - PinMaster - DEBUG - [qt_main_window.py:495] - AccountInfoThread: используем кэш пинов для uazis1
2026-01-27 17:22:38 - PinMaster - INFO - [qt_main_window.py:512] - AccountInfoThread: отправка сигнала account_info_ready...
2026-01-27 17:22:38 - PinMaster - INFO - [qt_main_window.py:514] - AccountInfoThread: поток завершен успешно
2026-01-27 17:22:38 - PinMaster - INFO - [qt_main_window.py:416] - AccountInfoThread: запуск потока...
2026-01-27 17:22:38 - PinMaster - DEBUG - [qt_main_window.py:419] - AccountInfoThread: проверка парсера...
2026-01-27 17:22:38 - PinMaster - DEBUG - [qt_main_window.py:426] - AccountInfoThread: парсер доступен, получение информации об аккаунте...
2026-01-27 17:22:40 - PinMaster - DEBUG - [qt_main_window.py:430] - AccountInfoThread: информация об аккаунте получена: {'username': 'uazis1', 'profile_url': 'https://ru.pinterest.com/uazis1/', 'pins_url': 'https://ru.pinterest.com/uazis1/_pins/', 'boards_url': 'https://ru.pinterest.com/uazis1/_boards/'}
2026-01-27 17:22:40 - PinMaster - INFO - [qt_main_window.py:450] - AccountInfoThread: парсинг досок для пользователя uazis1...
2026-01-27 17:22:40 - PinMaster - DEBUG - [qt_main_window.py:465] - AccountInfoThread: используем кэш досок для uazis1
2026-01-27 17:22:40 - PinMaster - INFO - [qt_main_window.py:480] - AccountInfoThread: парсинг пинов для пользователя uazis1...
2026-01-27 17:22:40 - PinMaster - DEBUG - [qt_main_window.py:495] - AccountInfoThread: используем кэш пинов для uazis1
2026-01-27 17:22:40 - PinMaster - INFO - [qt_main_window.py:512] - AccountInfoThread: отправка сигнала account_info_ready...
2026-01-27 17:22:40 - PinMaster - INFO - [qt_main_window.py:514] - AccountInfoThread: поток завершен успешно
2026-01-27 17:22:47 - PinMaster - DEBUG - [qt_main_window.py:1404] - show_page: переключение на страницу 'parse'
2026-01-27 17:22:49 - PinMaster - DEBUG - [qt_main_window.py:1404] - show_page: переключение на страницу 'results'
2026-01-27 17:22:52 - PinMaster - DEBUG - [qt_main_window.py:1404] - show_page: переключение на страницу 'parse'
2026-01-27 17:22:57 - PinMaster - INFO - [qt_main_window.py:638] - SearchParseThread: запуск парсинга для запроса 'котик', max_pins=5
2026-01-27 17:22:57 - PinMaster - DEBUG - [qt_main_window.py:641] - SearchParseThread: начинаем парсинг страницы поиска...
2026-01-27 17:23:31 - PinMaster - INFO - [qt_main_window.py:645] - SearchParseThread: парсинг завершен, найдено пинов: 5
2026-01-27 17:23:31 - PinMaster - INFO - [qt_main_window.py:650] - SearchParseThread: сигнал parse_completed отправлен
2026-01-27 17:23:31 - PinMaster - DEBUG - [qt_main_window.py:1404] - show_page: переключение на страницу 'results'
2026-01-27 17:28:51 - PinMaster - INFO - [qt_main_window.py:37] - ================================================================================
2026-01-27 17:28:51 - PinMaster - INFO - [qt_main_window.py:38] - ЗАПУСК ПРИЛОЖЕНИЯ PINMASTER
2026-01-27 17:28:51 - PinMaster - INFO - [qt_main_window.py:39] - ================================================================================
2026-01-27 17:28:51 - PinMaster - DEBUG - [qt_main_window.py:43] - Попытка импорта webdriver_frozen_patch...
2026-01-27 17:28:51 - PinMaster - DEBUG - [qt_main_window.py:45] - webdriver_frozen_patch успешно импортирован
2026-01-27 17:28:52 - PinMaster - INFO - [qt_main_window.py:3543] - ================================================================================
2026-01-27 17:28:52 - PinMaster - INFO - [qt_main_window.py:3544] - ТОЧКА ВХОДА: Запуск приложения
2026-01-27 17:28:52 - PinMaster - INFO - [qt_main_window.py:3545] - ================================================================================
2026-01-27 17:28:52 - PinMaster - INFO - [qt_main_window.py:3548] - Создание QApplication...
2026-01-27 17:28:52 - PinMaster - INFO - [qt_main_window.py:3550] - QApplication создан успешно
2026-01-27 17:28:52 - PinMaster - INFO - [qt_main_window.py:3552] - Создание PinterestMainWindow...
2026-01-27 17:28:52 - PinMaster - INFO - [qt_main_window.py:671] - Инициализация PinterestMainWindow...
2026-01-27 17:28:52 - PinMaster - DEBUG - [qt_main_window.py:673] - Вызов super().__init__()...
2026-01-27 17:28:52 - PinMaster - DEBUG - [qt_main_window.py:675] - super().__init__() выполнен успешно
2026-01-27 17:28:52 - PinMaster - DEBUG - [qt_main_window.py:677] - Инициализация переменных экземпляра...
2026-01-27 17:28:52 - PinMaster - DEBUG - [qt_main_window.py:693] - Переменные экземпляра инициализированы
2026-01-27 17:28:52 - PinMaster - INFO - [qt_main_window.py:695] - Вызов setup_ui()...
2026-01-27 17:28:52 - PinMaster - DEBUG - [qt_main_window.py:717] - Начало setup_ui()...
2026-01-27 17:28:52 - PinMaster - DEBUG - [qt_main_window.py:719] - Установка заголовка окна...
2026-01-27 17:28:52 - PinMaster - DEBUG - [qt_main_window.py:721] - Заголовок установлен: PinMaster
2026-01-27 17:28:52 - PinMaster - DEBUG - [qt_main_window.py:723] - Установка минимального размера окна...
2026-01-27 17:28:52 - PinMaster - DEBUG - [qt_main_window.py:727] - Загрузка стилей...
2026-01-27 17:28:52 - PinMaster - DEBUG - [qt_main_window.py:1200] - Начало load_styles()...
2026-01-27 17:28:52 - PinMaster - DEBUG - [qt_main_window.py:1203] - Путь к стилям: /Users/bulatmuhametzanov/Desktop/пинтерест/styles.qss
2026-01-27 17:28:52 - PinMaster - DEBUG - [qt_main_window.py:1206] - Файл стилей открыт, чтение...
2026-01-27 17:28:52 - PinMaster - DEBUG - [qt_main_window.py:1211] - Стили загружены из файла
2026-01-27 17:28:52 - PinMaster - DEBUG - [qt_main_window.py:729] - Стили загружены
2026-01-27 17:28:52 - PinMaster - INFO - [qt_main_window.py:697] - setup_ui() выполнен успешно
2026-01-27 17:28:52 - PinMaster - INFO - [qt_main_window.py:699] - Вызов setup_tray_icon()...
2026-01-27 17:28:52 - PinMaster - DEBUG - [qt_main_window.py:1229] - Начало setup_tray_icon()...
2026-01-27 17:28:52 - PinMaster - DEBUG - [qt_main_window.py:1235] - Создание иконки трея...
2026-01-27 17:28:52 - PinMaster - DEBUG - [qt_main_window.py:1241] - Создание меню трея...
2026-01-27 17:28:52 - PinMaster - DEBUG - [qt_main_window.py:1262] - Иконка трея настроена и отображена
2026-01-27 17:28:52 - PinMaster - INFO - [qt_main_window.py:701] - setup_tray_icon() выполнен успешно
2026-01-27 17:28:52 - PinMaster - INFO - [qt_main_window.py:703] - Вызов load_config()...
2026-01-27 17:28:52 - PinMaster - DEBUG - [qt_main_window.py:1470] - Начало load_config()...
2026-01-27 17:28:52 - PinMaster - DEBUG - [qt_main_window.py:1473] - Путь к конфигу: /Users/bulatmuhametzanov/Desktop/пинтерест/config.json
2026-01-27 17:28:52 - PinMaster - DEBUG - [qt_main_window.py:1476] - Чтение конфига из файла...
2026-01-27 17:28:52 - PinMaster - DEBUG - [qt_main_window.py:1479] - Конфиг загружен из файла
2026-01-27 17:28:52 - PinMaster - INFO - [qt_main_window.py:705] - load_config() выполнен успешно
2026-01-27 17:28:52 - PinMaster - INFO - [qt_main_window.py:707] - Инициализация ToastManager...
2026-01-27 17:28:52 - PinMaster - INFO - [qt_main_window.py:709] - ToastManager инициализирован успешно
2026-01-27 17:28:52 - PinMaster - INFO - [qt_main_window.py:711] - PinterestMainWindow инициализирован успешно
2026-01-27 17:28:52 - PinMaster - INFO - [qt_main_window.py:3554] - PinterestMainWindow создан успешно
2026-01-27 17:28:52 - PinMaster - INFO - [qt_main_window.py:3556] - Отображение окна...
2026-01-27 17:28:52 - PinMaster - INFO - [qt_main_window.py:3558] - Окно отображено, запуск event loop...
2026-01-27 17:28:54 - PinMaster - INFO - [qt_main_window.py:1825] - _init_parser_with_login: запуск инициализации парсера, enable_login=True, headless=False
2026-01-27 17:28:54 - PinMaster - INFO - [qt_main_window.py:1833] - _init_parser_with_login: поток инициализации парсера запущен
2026-01-27 17:28:54 - PinMaster - INFO - [qt_main_window.py:540] - ================================================================================
2026-01-27 17:28:54 - PinMaster - INFO - [qt_main_window.py:1825] - _init_parser_with_login: запуск инициализации парсера, enable_login=True, headless=False
2026-01-27 17:28:54 - PinMaster - INFO - [qt_main_window.py:541] - ParserInitThread: ИНИЦИАЛИЗАЦИЯ ПАРСЕРА В ПОТОКЕ
2026-01-27 17:28:54 - PinMaster - INFO - [qt_main_window.py:542] - ================================================================================
2026-01-27 17:28:54 - PinMaster - INFO - [qt_main_window.py:543] - ParserInitThread: enable_login=True
2026-01-27 17:28:54 - PinMaster - INFO - [qt_main_window.py:544] - ParserInitThread: headless=False
2026-01-27 17:28:54 - PinMaster - INFO - [qt_main_window.py:1833] - _init_parser_with_login: поток инициализации парсера запущен
2026-01-27 17:28:54 - PinMaster - INFO - [qt_main_window.py:545] - ParserInitThread: download_images=True
2026-01-27 17:28:54 - PinMaster - INFO - [qt_main_window.py:540] - ================================================================================
2026-01-27 17:28:54 - PinMaster - INFO - [qt_main_window.py:546] - ================================================================================
2026-01-27 17:28:54 - PinMaster - INFO - [qt_main_window.py:541] - ParserInitThread: ИНИЦИАЛИЗАЦИЯ ПАРСЕРА В ПОТОКЕ
2026-01-27 17:28:54 - PinMaster - INFO - [qt_main_window.py:558] - ParserInitThread: создание PinterestSeleniumParser...
2026-01-27 17:28:54 - PinMaster - INFO - [qt_main_window.py:542] - ================================================================================
2026-01-27 17:28:54 - PinMaster - INFO - [qt_main_window.py:543] - ParserInitThread: enable_login=True
2026-01-27 17:28:54 - PinMaster - INFO - [qt_main_window.py:544] - ParserInitThread: headless=False
2026-01-27 17:28:54 - PinMaster - INFO - [qt_main_window.py:545] - ParserInitThread: download_images=True
2026-01-27 17:28:54 - PinMaster - INFO - [qt_main_window.py:546] - ================================================================================
2026-01-27 17:28:54 - PinMaster - INFO - [qt_main_window.py:558] - ParserInitThread: создание PinterestSeleniumParser...
2026-01-27 17:29:19 - PinMaster - DEBUG - [qt_main_window.py:1330] - show_page: переключение на страницу 'parse'
2026-01-27 17:29:20 - PinMaster - DEBUG - [qt_main_window.py:1330] - show_page: переключение на страницу 'account'
2026-01-27 17:29:20 - PinMaster - DEBUG - [qt_main_window.py:1330] - show_page: переключение на страницу 'parse'
2026-01-27 17:29:21 - PinMaster - INFO - [qt_main_window.py:566] - ParserInitThread: парсер создан успешно
2026-01-27 17:29:21 - PinMaster - DEBUG - [qt_main_window.py:570] - ParserInitThread: проверка драйвера...
2026-01-27 17:29:21 - PinMaster - INFO - [qt_main_window.py:576] - ParserInitThread: Chrome драйвер доступен
2026-01-27 17:29:21 - PinMaster - INFO - [qt_main_window.py:580] - ParserInitThread: отправка сигнала parser_ready...
2026-01-27 17:29:21 - PinMaster - INFO - [qt_main_window.py:583] - ParserInitThread: сигнал parser_ready отправлен
2026-01-27 17:29:21 - PinMaster - INFO - [qt_main_window.py:1847] - on_parser_ready: парсер готов
2026-01-27 17:29:21 - PinMaster - DEBUG - [qt_main_window.py:588] - ParserInitThread: проверка успешности авторизации...
2026-01-27 17:29:21 - PinMaster - INFO - [qt_main_window.py:591] - ParserInitThread: авторизация успешна, отправка сигнала login_completed...
2026-01-27 17:29:21 - PinMaster - INFO - [qt_main_window.py:594] - ParserInitThread: сигнал login_completed отправлен
2026-01-27 17:29:21 - PinMaster - INFO - [qt_main_window.py:600] - ParserInitThread: инициализация парсера завершена успешно
2026-01-27 17:29:21 - PinMaster - INFO - [qt_main_window.py:419] - AccountInfoThread: запуск потока...
2026-01-27 17:29:21 - PinMaster - DEBUG - [qt_main_window.py:422] - AccountInfoThread: проверка парсера...
2026-01-27 17:29:21 - PinMaster - DEBUG - [qt_main_window.py:429] - AccountInfoThread: парсер доступен, получение информации об аккаунте...
2026-01-27 17:29:23 - PinMaster - DEBUG - [qt_main_window.py:433] - AccountInfoThread: информация об аккаунте получена: {'username': 'uazis1', 'profile_url': 'https://ru.pinterest.com/uazis1/', 'pins_url': 'https://ru.pinterest.com/uazis1/_pins/', 'boards_url': 'https://ru.pinterest.com/uazis1/_boards/'}
2026-01-27 17:29:23 - PinMaster - INFO - [qt_main_window.py:453] - AccountInfoThread: парсинг досок для пользователя uazis1...
2026-01-27 17:29:23 - PinMaster - DEBUG - [qt_main_window.py:468] - AccountInfoThread: используем кэш досок для uazis1
2026-01-27 17:29:23 - PinMaster - INFO - [qt_main_window.py:483] - AccountInfoThread: парсинг пинов для пользователя uazis1...
2026-01-27 17:29:23 - PinMaster - DEBUG - [qt_main_window.py:498] - AccountInfoThread: используем кэш пинов для uazis1
2026-01-27 17:29:23 - PinMaster - INFO - [qt_main_window.py:515] - AccountInfoThread: отправка сигнала account_info_ready...
2026-01-27 17:29:23 - PinMaster - INFO - [qt_main_window.py:517] - AccountInfoThread: поток завершен успешно
2026-01-27 17:29:23 - PinMaster - DEBUG - [qt_main_window.py:1330] - show_page: переключение на страницу 'account'
2026-01-27 17:29:23 - PinMaster - INFO - [qt_main_window.py:419] - AccountInfoThread: запуск потока...
2026-01-27 17:29:23 - PinMaster - DEBUG - [qt_main_window.py:422] - AccountInfoThread: проверка парсера...
2026-01-27 17:29:23 - PinMaster - DEBUG - [qt_main_window.py:429] - AccountInfoThread: парсер доступен, получение информации об аккаунте...
2026-01-27 17:29:24 - PinMaster - DEBUG - [qt_main_window.py:1330] - show_page: переключение на страницу 'parse'
2026-01-27 17:29:24 - PinMaster - INFO - [qt_main_window.py:566] - ParserInitThread: парсер создан успешно
2026-01-27 17:29:24 - PinMaster - DEBUG - [qt_main_window.py:570] - ParserInitThread: проверка драйвера...
2026-01-27 17:29:24 - PinMaster - INFO - [qt_main_window.py:576] - ParserInitThread: Chrome драйвер доступен
2026-01-27 17:29:24 - PinMaster - INFO - [qt_main_window.py:580] - ParserInitThread: отправка сигнала parser_ready...
2026-01-27 17:29:24 - PinMaster - INFO - [qt_main_window.py:1847] - on_parser_ready: парсер готов
2026-01-27 17:29:24 - PinMaster - INFO - [qt_main_window.py:583] - ParserInitThread: сигнал parser_ready отправлен
2026-01-27 17:29:24 - PinMaster - DEBUG - [qt_main_window.py:588] - ParserInitThread: проверка успешности авторизации...
2026-01-27 17:29:24 - PinMaster - INFO - [qt_main_window.py:591] - ParserInitThread: авторизация успешна, отправка сигнала login_completed...
2026-01-27 17:29:24 - PinMaster - INFO - [qt_main_window.py:594] - ParserInitThread: сигнал login_completed отправлен
2026-01-27 17:29:24 - PinMaster - INFO - [qt_main_window.py:600] - ParserInitThread: инициализация парсера завершена успешно
2026-01-27 17:29:24 - PinMaster - INFO - [qt_main_window.py:419] - AccountInfoThread: запуск потока...
2026-01-27 17:29:24 - PinMaster - DEBUG - [qt_main_window.py:422] - AccountInfoThread: проверка парсера...
2026-01-27 17:29:24 - PinMaster - DEBUG - [qt_main_window.py:429] - AccountInfoThread: парсер доступен, получение информации об аккаунте...
2026-01-27 17:29:24 - PinMaster - DEBUG - [qt_main_window.py:433] - AccountInfoThread: информация об аккаунте получена: {'username': 'uazis1', 'profile_url': 'https://ru.pinterest.com/uazis1/', 'pins_url': 'https://ru.pinterest.com/uazis1/_pins/', 'boards_url': 'https://ru.pinterest.com/uazis1/_boards/'}
2026-01-27 17:29:24 - PinMaster - INFO - [qt_main_window.py:453] - AccountInfoThread: парсинг досок для пользователя uazis1...
2026-01-27 17:29:24 - PinMaster - DEBUG - [qt_main_window.py:468] - AccountInfoThread: используем кэш досок для uazis1
2026-01-27 17:29:24 - PinMaster - INFO - [qt_main_window.py:483] - AccountInfoThread: парсинг пинов для пользователя uazis1...
2026-01-27 17:29:24 - PinMaster - DEBUG - [qt_main_window.py:498] - AccountInfoThread: используем кэш пинов для uazis1
2026-01-27 17:29:24 - PinMaster - INFO - [qt_main_window.py:515] - AccountInfoThread: отправка сигнала account_info_ready...
2026-01-27 17:29:24 - PinMaster - INFO - [qt_main_window.py:517] - AccountInfoThread: поток завершен успешно
2026-01-27 17:29:33 - PinMaster - INFO - [qt_main_window.py:3593] - Event loop завершен с кодом: 0
2026-01-27 17:31:11 - PinMaster - INFO - [qt_main_window.py:37] - ================================================================================
2026-01-27 17:31:11 - PinMaster - INFO - [qt_main_window.py:38] - ЗАПУСК ПРИЛОЖЕНИЯ PINMASTER
2026-01-27 17:31:11 - PinMaster - INFO - [qt_main_window.py:39] - ================================================================================
2026-01-27 17:31:11 - PinMaster - DEBUG - [qt_main_window.py:43] - Попытка импорта webdriver_frozen_patch...
2026-01-27 17:31:11 - PinMaster - DEBUG - [qt_main_window.py:45] - webdriver_frozen_patch успешно импортирован
2026-01-27 17:31:11 - PinMaster - INFO - [qt_main_window.py:3600] - ================================================================================
2026-01-27 17:31:11 - PinMaster - INFO - [qt_main_window.py:3601] - ТОЧКА ВХОДА: Запуск приложения
2026-01-27 17:31:11 - PinMaster - INFO - [qt_main_window.py:3602] - ================================================================================
2026-01-27 17:31:11 - PinMaster - INFO - [qt_main_window.py:3605] - Создание QApplication...
2026-01-27 17:31:11 - PinMaster - INFO - [qt_main_window.py:3607] - QApplication создан успешно
2026-01-27 17:31:11 - PinMaster - INFO - [qt_main_window.py:3609] - Создание PinterestMainWindow...
2026-01-27 17:31:11 - PinMaster - INFO - [qt_main_window.py:671] - Инициализация PinterestMainWindow...
2026-01-27 17:31:11 - PinMaster - DEBUG - [qt_main_window.py:673] - Вызов super().__init__()...
2026-01-27 17:31:11 - PinMaster - DEBUG - [qt_main_window.py:675] - super().__init__() выполнен успешно
2026-01-27 17:31:11 - PinMaster - DEBUG - [qt_main_window.py:677] - Инициализация переменных экземпляра...
2026-01-27 17:31:11 - PinMaster - DEBUG - [qt_main_window.py:693] - Переменные экземпляра инициализированы
2026-01-27 17:31:11 - PinMaster - INFO - [qt_main_window.py:695] - Вызов setup_ui()...
2026-01-27 17:31:11 - PinMaster - DEBUG - [qt_main_window.py:717] - Начало setup_ui()...
2026-01-27 17:31:11 - PinMaster - DEBUG - [qt_main_window.py:719] - Установка заголовка окна...
2026-01-27 17:31:11 - PinMaster - DEBUG - [qt_main_window.py:721] - Заголовок установлен: PinMaster
2026-01-27 17:31:11 - PinMaster - DEBUG - [qt_main_window.py:723] - Установка минимального размера окна...
2026-01-27 17:31:11 - PinMaster - DEBUG - [qt_main_window.py:727] - Загрузка стилей...
2026-01-27 17:31:11 - PinMaster - DEBUG - [qt_main_window.py:1200] - Начало load_styles()...
2026-01-27 17:31:11 - PinMaster - DEBUG - [qt_main_window.py:1203] - Путь к стилям: /Users/bulatmuhametzanov/Desktop/пинтерест/styles.qss
2026-01-27 17:31:11 - PinMaster - DEBUG - [qt_main_window.py:1206] - Файл стилей открыт, чтение...
2026-01-27 17:31:11 - PinMaster - DEBUG - [qt_main_window.py:1211] - Стили загружены из файла
2026-01-27 17:31:11 - PinMaster - DEBUG - [qt_main_window.py:729] - Стили загружены
2026-01-27 17:31:11 - PinMaster - INFO - [qt_main_window.py:697] - setup_ui() выполнен успешно
2026-01-27 17:31:11 - PinMaster - INFO - [qt_main_window.py:699] - Вызов setup_tray_icon()...
2026-01-27 17:31:11 - PinMaster - DEBUG - [qt_main_window.py:1229] - Начало setup_tray_icon()...
2026-01-27 17:31:11 - PinMaster - DEBUG - [qt_main_window.py:1235] - Создание иконки трея...
2026-01-27 17:31:11 - PinMaster - DEBUG - [qt_main_window.py:1241] - Создание меню трея...
2026-01-27 17:31:11 - PinMaster - DEBUG - [qt_main_window.py:1262] - Иконка трея настроена и отображена
2026-01-27 17:31:11 - PinMaster - INFO - [qt_main_window.py:701] - setup_tray_icon() выполнен успешно
2026-01-27 17:31:11 - PinMaster - INFO - [qt_main_window.py:703] - Вызов load_config()...
2026-01-27 17:31:11 - PinMaster - DEBUG - [qt_main_window.py:1480] - Начало load_config()...
2026-01-27 17:31:11 - PinMaster - DEBUG - [qt_main_window.py:1483] - Путь к конфигу: /Users/bulatmuhametzanov/Desktop/пинтерест/config.json
2026-01-27 17:31:11 - PinMaster - DEBUG - [qt_main_window.py:1486] - Чтение конфига из файла...
2026-01-27 17:31:11 - PinMaster - DEBUG - [qt_main_window.py:1489] - Конфиг загружен из файла
2026-01-27 17:31:11 - PinMaster - INFO - [qt_main_window.py:705] - load_config() выполнен успешно
2026-01-27 17:31:11 - PinMaster - INFO - [qt_main_window.py:707] - Инициализация ToastManager...
2026-01-27 17:31:11 - PinMaster - INFO - [qt_main_window.py:709] - ToastManager инициализирован успешно
2026-01-27 17:31:11 - PinMaster - INFO - [qt_main_window.py:711] - PinterestMainWindow инициализирован успешно
2026-01-27 17:31:11 - PinMaster - INFO - [qt_main_window.py:3611] - PinterestMainWindow создан успешно
2026-01-27 17:31:11 - PinMaster - INFO - [qt_main_window.py:3613] - Отображение окна...
2026-01-27 17:31:11 - PinMaster - INFO - [qt_main_window.py:3615] - Окно отображено, запуск event loop...
2026-01-27 17:31:12 - PinMaster - DEBUG - [qt_main_window.py:3249] - _load_parsing_history: начало загрузки истории...
2026-01-27 17:31:12 - PinMaster - DEBUG - [qt_main_window.py:3255] - _load_parsing_history: чтение файла истории...
2026-01-27 17:31:12 - PinMaster - DEBUG - [qt_main_window.py:3261] - _load_parsing_history: история загружена, дат: 1
2026-01-27 17:31:12 - PinMaster - DEBUG - [qt_main_window.py:3266] - _load_parsing_history: обновление списка дат...
2026-01-27 17:31:12 - PinMaster - DEBUG - [qt_main_window.py:3270] - _load_parsing_history: добавление 1 дат в комбобокс...
2026-01-27 17:31:12 - PinMaster - DEBUG - [qt_main_window.py:3288] - _update_history_list: обновление списка для даты 2026-01-27, записей: 1
2026-01-27 17:31:12 - PinMaster - DEBUG - [qt_main_window.py:3303] - _update_history_list: добавлено 1 элементов в список
2026-01-27 17:31:12 - PinMaster - DEBUG - [qt_main_window.py:3274] - _load_parsing_history: обновление списка парсингов для даты 2026-01-27...
2026-01-27 17:31:12 - PinMaster - DEBUG - [qt_main_window.py:3288] - _update_history_list: обновление списка для даты 2026-01-27, записей: 1
2026-01-27 17:31:12 - PinMaster - DEBUG - [qt_main_window.py:3303] - _update_history_list: добавлено 1 элементов в список
2026-01-27 17:31:12 - PinMaster - DEBUG - [qt_main_window.py:3281] - _load_parsing_history: загрузка истории завершена успешно
2026-01-27 17:31:12 - PinMaster - DEBUG - [qt_main_window.py:3249] - _load_parsing_history: начало загрузки истории...
2026-01-27 17:31:12 - PinMaster - DEBUG - [qt_main_window.py:3255] - _load_parsing_history: чтение файла истории...
2026-01-27 17:31:12 - PinMaster - DEBUG - [qt_main_window.py:3261] - _load_parsing_history: история загружена, дат: 1
2026-01-27 17:31:12 - PinMaster - DEBUG - [qt_main_window.py:3266] - _load_parsing_history: обновление списка дат...
2026-01-27 17:31:12 - PinMaster - DEBUG - [qt_main_window.py:3270] - _load_parsing_history: добавление 1 дат в комбобокс...
2026-01-27 17:31:12 - PinMaster - DEBUG - [qt_main_window.py:3288] - _update_history_list: обновление списка для даты 2026-01-27, записей: 1
2026-01-27 17:31:12 - PinMaster - DEBUG - [qt_main_window.py:3303] - _update_history_list: добавлено 1 элементов в список
2026-01-27 17:31:12 - PinMaster - DEBUG - [qt_main_window.py:3274] - _load_parsing_history: обновление списка парсингов для даты 2026-01-27...
2026-01-27 17:31:12 - PinMaster - DEBUG - [qt_main_window.py:3288] - _update_history_list: обновление списка для даты 2026-01-27, записей: 1
2026-01-27 17:31:12 - PinMaster - DEBUG - [qt_main_window.py:3303] - _update_history_list: добавлено 1 элементов в список
2026-01-27 17:31:12 - PinMaster - DEBUG - [qt_main_window.py:3281] - _load_parsing_history: загрузка истории завершена успешно
2026-01-27 17:31:13 - PinMaster - DEBUG - [qt_main_window.py:3328] - _load_parsing_from_entry: загрузка парсинга из записи...
2026-01-27 17:31:13 - PinMaster - DEBUG - [qt_main_window.py:3336] - _load_parsing_from_entry: чтение CSV файла /Users/bulatmuhametzanov/Documents/PinMaster/csv/2026-01-27/pinterest_pins_котик_17-23-31.csv...
2026-01-27 17:31:13 - PinMaster - DEBUG - [qt_main_window.py:3347] - _load_parsing_from_entry: загружено 5 пинов
2026-01-27 17:31:13 - PinMaster - DEBUG - [qt_main_window.py:3355] - _load_parsing_from_entry: обновление сетки пинов...
2026-01-27 17:31:13 - PinMaster - DEBUG - [qt_main_window.py:3357] - _load_parsing_from_entry: сетка пинов обновлена
2026-01-27 17:31:13 - PinMaster - DEBUG - [qt_main_window.py:3386] - _load_parsing_from_entry: загрузка парсинга завершена успешно
2026-01-27 17:31:13 - PinMaster - DEBUG - [qt_main_window.py:3328] - _load_parsing_from_entry: загрузка парсинга из записи...
2026-01-27 17:31:13 - PinMaster - DEBUG - [qt_main_window.py:3336] - _load_parsing_from_entry: чтение CSV файла /Users/bulatmuhametzanov/Documents/PinMaster/csv/2026-01-27/pinterest_pins_котик_17-23-31.csv...
2026-01-27 17:31:13 - PinMaster - DEBUG - [qt_main_window.py:3347] - _load_parsing_from_entry: загружено 5 пинов
2026-01-27 17:31:13 - PinMaster - DEBUG - [qt_main_window.py:3355] - _load_parsing_from_entry: обновление сетки пинов...
2026-01-27 17:31:13 - PinMaster - DEBUG - [qt_main_window.py:3357] - _load_parsing_from_entry: сетка пинов обновлена
2026-01-27 17:31:13 - PinMaster - DEBUG - [qt_main_window.py:3386] - _load_parsing_from_entry: загрузка парсинга завершена успешно
2026-01-27 17:31:13 - PinMaster - INFO - [qt_main_window.py:1835] - _init_parser_with_login: запуск инициализации парсера, enable_login=True, headless=False
2026-01-27 17:31:13 - PinMaster - INFO - [qt_main_window.py:1843] - _init_parser_with_login: поток инициализации парсера запущен
2026-01-27 17:31:13 - PinMaster - INFO - [qt_main_window.py:540] - ================================================================================
2026-01-27 17:31:13 - PinMaster - INFO - [qt_main_window.py:1835] - _init_parser_with_login: запуск инициализации парсера, enable_login=True, headless=False
2026-01-27 17:31:13 - PinMaster - INFO - [qt_main_window.py:541] - ParserInitThread: ИНИЦИАЛИЗАЦИЯ ПАРСЕРА В ПОТОКЕ
2026-01-27 17:31:13 - PinMaster - INFO - [qt_main_window.py:542] - ================================================================================
2026-01-27 17:31:13 - PinMaster - INFO - [qt_main_window.py:543] - ParserInitThread: enable_login=True
2026-01-27 17:31:13 - PinMaster - INFO - [qt_main_window.py:544] - ParserInitThread: headless=False
2026-01-27 17:31:13 - PinMaster - INFO - [qt_main_window.py:545] - ParserInitThread: download_images=True
2026-01-27 17:31:13 - PinMaster - INFO - [qt_main_window.py:546] - ================================================================================
2026-01-27 17:31:13 - PinMaster - INFO - [qt_main_window.py:558] - ParserInitThread: создание PinterestSeleniumParser...
2026-01-27 17:31:13 - PinMaster - INFO - [qt_main_window.py:1843] - _init_parser_with_login: поток инициализации парсера запущен
2026-01-27 17:31:13 - PinMaster - INFO - [qt_main_window.py:540] - ================================================================================
2026-01-27 17:31:13 - PinMaster - INFO - [qt_main_window.py:541] - ParserInitThread: ИНИЦИАЛИЗАЦИЯ ПАРСЕРА В ПОТОКЕ
2026-01-27 17:31:13 - PinMaster - INFO - [qt_main_window.py:542] - ================================================================================
2026-01-27 17:31:13 - PinMaster - INFO - [qt_main_window.py:543] - ParserInitThread: enable_login=True
2026-01-27 17:31:13 - PinMaster - INFO - [qt_main_window.py:544] - ParserInitThread: headless=False
2026-01-27 17:31:13 - PinMaster - INFO - [qt_main_window.py:545] - ParserInitThread: download_images=True
2026-01-27 17:31:13 - PinMaster - INFO - [qt_main_window.py:546] - ================================================================================
2026-01-27 17:31:13 - PinMaster - INFO - [qt_main_window.py:558] - ParserInitThread: создание PinterestSeleniumParser...
2026-01-27 17:31:14 - PinMaster - DEBUG - [qt_main_window.py:1330] - show_page: переключение на страницу 'results'
2026-01-27 17:31:14 - PinMaster - DEBUG - [qt_main_window.py:1349] - show_page: загрузка истории парсингов для страницы результатов...
2026-01-27 17:31:14 - PinMaster - DEBUG - [qt_main_window.py:3249] - _load_parsing_history: начало загрузки истории...
2026-01-27 17:31:14 - PinMaster - DEBUG - [qt_main_window.py:3255] - _load_parsing_history: чтение файла истории...
2026-01-27 17:31:14 - PinMaster - DEBUG - [qt_main_window.py:3261] - _load_parsing_history: история загружена, дат: 1
2026-01-27 17:31:14 - PinMaster - DEBUG - [qt_main_window.py:3266] - _load_parsing_history: обновление списка дат...
2026-01-27 17:31:14 - PinMaster - DEBUG - [qt_main_window.py:3270] - _load_parsing_history: добавление 1 дат в комбобокс...
2026-01-27 17:31:14 - PinMaster - DEBUG - [qt_main_window.py:3288] - _update_history_list: обновление списка для даты 2026-01-27, записей: 1
2026-01-27 17:31:14 - PinMaster - DEBUG - [qt_main_window.py:3303] - _update_history_list: добавлено 1 элементов в список
2026-01-27 17:31:14 - PinMaster - DEBUG - [qt_main_window.py:3274] - _load_parsing_history: обновление списка парсингов для даты 2026-01-27...
2026-01-27 17:31:14 - PinMaster - DEBUG - [qt_main_window.py:3288] - _update_history_list: обновление списка для даты 2026-01-27, записей: 1
2026-01-27 17:31:14 - PinMaster - DEBUG - [qt_main_window.py:3303] - _update_history_list: добавлено 1 элементов в список
2026-01-27 17:31:14 - PinMaster - DEBUG - [qt_main_window.py:3281] - _load_parsing_history: загрузка истории завершена успешно
2026-01-27 17:31:14 - PinMaster - DEBUG - [qt_main_window.py:1351] - show_page: история парсингов загружена
2026-01-27 17:31:25 - PinMaster - INFO - [qt_main_window.py:566] - ParserInitThread: парсер создан успешно
2026-01-27 17:31:25 - PinMaster - DEBUG - [qt_main_window.py:570] - ParserInitThread: проверка драйвера...
2026-01-27 17:31:25 - PinMaster - INFO - [qt_main_window.py:576] - ParserInitThread: Chrome драйвер доступен
2026-01-27 17:31:25 - PinMaster - INFO - [qt_main_window.py:580] - ParserInitThread: отправка сигнала parser_ready...
2026-01-27 17:31:25 - PinMaster - INFO - [qt_main_window.py:583] - ParserInitThread: сигнал parser_ready отправлен
2026-01-27 17:31:25 - PinMaster - INFO - [qt_main_window.py:1857] - on_parser_ready: парсер готов
2026-01-27 17:31:25 - PinMaster - DEBUG - [qt_main_window.py:588] - ParserInitThread: проверка успешности авторизации...
2026-01-27 17:31:25 - PinMaster - INFO - [qt_main_window.py:591] - ParserInitThread: авторизация успешна, отправка сигнала login_completed...
2026-01-27 17:31:25 - PinMaster - INFO - [qt_main_window.py:594] - ParserInitThread: сигнал login_completed отправлен
2026-01-27 17:31:25 - PinMaster - INFO - [qt_main_window.py:600] - ParserInitThread: инициализация парсера завершена успешно
2026-01-27 17:31:25 - PinMaster - INFO - [qt_main_window.py:419] - AccountInfoThread: запуск потока...
2026-01-27 17:31:25 - PinMaster - DEBUG - [qt_main_window.py:422] - AccountInfoThread: проверка парсера...
2026-01-27 17:31:25 - PinMaster - DEBUG - [qt_main_window.py:429] - AccountInfoThread: парсер доступен, получение информации об аккаунте...
2026-01-27 17:31:26 - PinMaster - DEBUG - [qt_main_window.py:433] - AccountInfoThread: информация об аккаунте получена: {'username': 'uazis1', 'profile_url': 'https://ru.pinterest.com/uazis1/', 'pins_url': 'https://ru.pinterest.com/uazis1/_pins/', 'boards_url': 'https://ru.pinterest.com/uazis1/_boards/'}
2026-01-27 17:31:26 - PinMaster - INFO - [qt_main_window.py:453] - AccountInfoThread: парсинг досок для пользователя uazis1...
2026-01-27 17:31:26 - PinMaster - DEBUG - [qt_main_window.py:468] - AccountInfoThread: используем кэш досок для uazis1
2026-01-27 17:31:26 - PinMaster - INFO - [qt_main_window.py:483] - AccountInfoThread: парсинг пинов для пользователя uazis1...
2026-01-27 17:31:26 - PinMaster - DEBUG - [qt_main_window.py:498] - AccountInfoThread: используем кэш пинов для uazis1
2026-01-27 17:31:26 - PinMaster - INFO - [qt_main_window.py:515] - AccountInfoThread: отправка сигнала account_info_ready...
2026-01-27 17:31:26 - PinMaster - INFO - [qt_main_window.py:517] - AccountInfoThread: поток завершен успешно
2026-01-27 17:31:27 - PinMaster - INFO - [qt_main_window.py:419] - AccountInfoThread: запуск потока...
2026-01-27 17:31:27 - PinMaster - DEBUG - [qt_main_window.py:422] - AccountInfoThread: проверка парсера...
2026-01-27 17:31:27 - PinMaster - DEBUG - [qt_main_window.py:429] - AccountInfoThread: парсер доступен, получение информации об аккаунте...
2026-01-27 17:31:28 - PinMaster - DEBUG - [qt_main_window.py:433] - AccountInfoThread: информация об аккаунте получена: {'username': 'uazis1', 'profile_url': 'https://ru.pinterest.com/uazis1/', 'pins_url': 'https://ru.pinterest.com/uazis1/_pins/', 'boards_url': 'https://ru.pinterest.com/uazis1/_boards/'}
2026-01-27 17:31:28 - PinMaster - INFO - [qt_main_window.py:453] - AccountInfoThread: парсинг досок для пользователя uazis1...
2026-01-27 17:31:28 - PinMaster - DEBUG - [qt_main_window.py:468] - AccountInfoThread: используем кэш досок для uazis1
2026-01-27 17:31:28 - PinMaster - INFO - [qt_main_window.py:483] - AccountInfoThread: парсинг пинов для пользователя uazis1...
2026-01-27 17:31:28 - PinMaster - DEBUG - [qt_main_window.py:498] - AccountInfoThread: используем кэш пинов для uazis1
2026-01-27 17:31:28 - PinMaster - INFO - [qt_main_window.py:515] - AccountInfoThread: отправка сигнала account_info_ready...
2026-01-27 17:31:28 - PinMaster - INFO - [qt_main_window.py:517] - AccountInfoThread: поток завершен успешно
2026-01-27 17:31:30 - PinMaster - DEBUG - [qt_main_window.py:1330] - show_page: переключение на страницу 'parse'
2026-01-27 17:31:33 - PinMaster - DEBUG - [qt_main_window.py:1330] - show_page: переключение на страницу 'account'
2026-01-27 17:31:34 - PinMaster - DEBUG - [qt_main_window.py:1330] - show_page: переключение на страницу 'results'
2026-01-27 17:31:34 - PinMaster - DEBUG - [qt_main_window.py:1349] - show_page: загрузка истории парсингов для страницы результатов...
2026-01-27 17:31:34 - PinMaster - DEBUG - [qt_main_window.py:3249] - _load_parsing_history: начало загрузки истории...
2026-01-27 17:31:34 - PinMaster - DEBUG - [qt_main_window.py:3255] - _load_parsing_history: чтение файла истории...
2026-01-27 17:31:34 - PinMaster - DEBUG - [qt_main_window.py:3261] - _load_parsing_history: история загружена, дат: 1
2026-01-27 17:31:34 - PinMaster - DEBUG - [qt_main_window.py:3266] - _load_parsing_history: обновление списка дат...
2026-01-27 17:31:34 - PinMaster - DEBUG - [qt_main_window.py:3270] - _load_parsing_history: добавление 1 дат в комбобокс...
2026-01-27 17:31:34 - PinMaster - DEBUG - [qt_main_window.py:3288] - _update_history_list: обновление списка для даты 2026-01-27, записей: 1
2026-01-27 17:31:34 - PinMaster - DEBUG - [qt_main_window.py:3303] - _update_history_list: добавлено 1 элементов в список
2026-01-27 17:31:34 - PinMaster - DEBUG - [qt_main_window.py:3274] - _load_parsing_history: обновление списка парсингов для даты 2026-01-27...
2026-01-27 17:31:34 - PinMaster - DEBUG - [qt_main_window.py:3288] - _update_history_list: обновление списка для даты 2026-01-27, записей: 1
2026-01-27 17:31:34 - PinMaster - DEBUG - [qt_main_window.py:3303] - _update_history_list: добавлено 1 элементов в список
2026-01-27 17:31:34 - PinMaster - DEBUG - [qt_main_window.py:3281] - _load_parsing_history: загрузка истории завершена успешно
2026-01-27 17:31:34 - PinMaster - DEBUG - [qt_main_window.py:1351] - show_page: история парсингов загружена
2026-01-27 17:31:35 - PinMaster - DEBUG - [qt_main_window.py:1330] - show_page: переключение на страницу 'publish'
2026-01-27 17:31:35 - PinMaster - INFO - [qt_main_window.py:2431] - LoadBoardsThread: запуск загрузки досок...
2026-01-27 17:31:35 - PinMaster - DEBUG - [qt_main_window.py:2434] - LoadBoardsThread: попытка получить доски через pin-creation-tool...
2026-01-27 17:33:13 - PinMaster - INFO - [qt_main_window.py:37] - ================================================================================
2026-01-27 17:33:13 - PinMaster - INFO - [qt_main_window.py:38] - ЗАПУСК ПРИЛОЖЕНИЯ PINMASTER
2026-01-27 17:33:13 - PinMaster - INFO - [qt_main_window.py:39] - ================================================================================
2026-01-27 17:33:13 - PinMaster - DEBUG - [qt_main_window.py:43] - Попытка импорта webdriver_frozen_patch...
2026-01-27 17:33:13 - PinMaster - DEBUG - [qt_main_window.py:45] - webdriver_frozen_patch успешно импортирован
2026-01-27 17:33:13 - PinMaster - INFO - [qt_main_window.py:3647] - ================================================================================
2026-01-27 17:33:13 - PinMaster - INFO - [qt_main_window.py:3648] - ТОЧКА ВХОДА: Запуск приложения
2026-01-27 17:33:13 - PinMaster - INFO - [qt_main_window.py:3649] - ================================================================================
2026-01-27 17:33:13 - PinMaster - INFO - [qt_main_window.py:3652] - Создание QApplication...
2026-01-27 17:33:13 - PinMaster - INFO - [qt_main_window.py:3654] - QApplication создан успешно
2026-01-27 17:33:13 - PinMaster - INFO - [qt_main_window.py:3656] - Создание PinterestMainWindow...
2026-01-27 17:33:13 - PinMaster - INFO - [qt_main_window.py:718] - Инициализация PinterestMainWindow...
2026-01-27 17:33:13 - PinMaster - DEBUG - [qt_main_window.py:720] - Вызов super().__init__()...
2026-01-27 17:33:13 - PinMaster - DEBUG - [qt_main_window.py:722] - super().__init__() выполнен успешно
2026-01-27 17:33:13 - PinMaster - DEBUG - [qt_main_window.py:724] - Инициализация переменных экземпляра...
2026-01-27 17:33:13 - PinMaster - DEBUG - [qt_main_window.py:740] - Переменные экземпляра инициализированы
2026-01-27 17:33:13 - PinMaster - INFO - [qt_main_window.py:742] - Вызов setup_ui()...
2026-01-27 17:33:13 - PinMaster - DEBUG - [qt_main_window.py:764] - Начало setup_ui()...
2026-01-27 17:33:13 - PinMaster - DEBUG - [qt_main_window.py:766] - Установка заголовка окна...
2026-01-27 17:33:13 - PinMaster - DEBUG - [qt_main_window.py:768] - Заголовок установлен: PinMaster
2026-01-27 17:33:13 - PinMaster - DEBUG - [qt_main_window.py:770] - Установка минимального размера окна...
2026-01-27 17:33:13 - PinMaster - DEBUG - [qt_main_window.py:774] - Загрузка стилей...
2026-01-27 17:33:13 - PinMaster - DEBUG - [qt_main_window.py:1247] - Начало load_styles()...
2026-01-27 17:33:13 - PinMaster - DEBUG - [qt_main_window.py:1250] - Путь к стилям: /Users/bulatmuhametzanov/Desktop/пинтерест/styles.qss
2026-01-27 17:33:13 - PinMaster - DEBUG - [qt_main_window.py:1253] - Файл стилей открыт, чтение...
2026-01-27 17:33:13 - PinMaster - DEBUG - [qt_main_window.py:1258] - Стили загружены из файла
2026-01-27 17:33:13 - PinMaster - DEBUG - [qt_main_window.py:776] - Стили загружены
2026-01-27 17:33:13 - PinMaster - INFO - [qt_main_window.py:744] - setup_ui() выполнен успешно
2026-01-27 17:33:13 - PinMaster - INFO - [qt_main_window.py:746] - Вызов setup_tray_icon()...
2026-01-27 17:33:13 - PinMaster - DEBUG - [qt_main_window.py:1276] - Начало setup_tray_icon()...
2026-01-27 17:33:13 - PinMaster - DEBUG - [qt_main_window.py:1282] - Создание иконки трея...
2026-01-27 17:33:13 - PinMaster - DEBUG - [qt_main_window.py:1288] - Создание меню трея...
2026-01-27 17:33:13 - PinMaster - DEBUG - [qt_main_window.py:1309] - Иконка трея настроена и отображена
2026-01-27 17:33:13 - PinMaster - INFO - [qt_main_window.py:748] - setup_tray_icon() выполнен успешно
2026-01-27 17:33:13 - PinMaster - INFO - [qt_main_window.py:750] - Вызов load_config()...
2026-01-27 17:33:13 - PinMaster - DEBUG - [qt_main_window.py:1527] - Начало load_config()...
2026-01-27 17:33:13 - PinMaster - DEBUG - [qt_main_window.py:1530] - Путь к конфигу: /Users/bulatmuhametzanov/Desktop/пинтерест/config.json
2026-01-27 17:33:13 - PinMaster - DEBUG - [qt_main_window.py:1533] - Чтение конфига из файла...
2026-01-27 17:33:13 - PinMaster - DEBUG - [qt_main_window.py:1536] - Конфиг загружен из файла
2026-01-27 17:33:13 - PinMaster - INFO - [qt_main_window.py:752] - load_config() выполнен успешно
2026-01-27 17:33:13 - PinMaster - INFO - [qt_main_window.py:754] - Инициализация ToastManager...
2026-01-27 17:33:13 - PinMaster - INFO - [qt_main_window.py:756] - ToastManager инициализирован успешно
2026-01-27 17:33:13 - PinMaster - INFO - [qt_main_window.py:758] - PinterestMainWindow инициализирован успешно
2026-01-27 17:33:13 - PinMaster - INFO - [qt_main_window.py:3658] - PinterestMainWindow создан успешно
2026-01-27 17:33:13 - PinMaster - INFO - [qt_main_window.py:3660] - Отображение окна...
2026-01-27 17:33:13 - PinMaster - INFO - [qt_main_window.py:3662] - Окно отображено, запуск event loop...
2026-01-27 17:33:14 - PinMaster - DEBUG - [qt_main_window.py:3296] - _load_parsing_history: начало загрузки истории...
2026-01-27 17:33:14 - PinMaster - DEBUG - [qt_main_window.py:3302] - _load_parsing_history: чтение файла истории...
2026-01-27 17:33:14 - PinMaster - DEBUG - [qt_main_window.py:3308] - _load_parsing_history: история загружена, дат: 1
2026-01-27 17:33:14 - PinMaster - DEBUG - [qt_main_window.py:3313] - _load_parsing_history: обновление списка дат...
2026-01-27 17:33:14 - PinMaster - DEBUG - [qt_main_window.py:3317] - _load_parsing_history: добавление 1 дат в комбобокс...
2026-01-27 17:33:14 - PinMaster - DEBUG - [qt_main_window.py:3335] - _update_history_list: обновление списка для даты 2026-01-27, записей: 1
2026-01-27 17:33:14 - PinMaster - DEBUG - [qt_main_window.py:3350] - _update_history_list: добавлено 1 элементов в список
2026-01-27 17:33:14 - PinMaster - DEBUG - [qt_main_window.py:3321] - _load_parsing_history: обновление списка парсингов для даты 2026-01-27...
2026-01-27 17:33:14 - PinMaster - DEBUG - [qt_main_window.py:3335] - _update_history_list: обновление списка для даты 2026-01-27, записей: 1
2026-01-27 17:33:14 - PinMaster - DEBUG - [qt_main_window.py:3350] - _update_history_list: добавлено 1 элементов в список
2026-01-27 17:33:14 - PinMaster - DEBUG - [qt_main_window.py:3328] - _load_parsing_history: загрузка истории завершена успешно
2026-01-27 17:33:14 - PinMaster - DEBUG - [qt_main_window.py:3296] - _load_parsing_history: начало загрузки истории...
2026-01-27 17:33:14 - PinMaster - DEBUG - [qt_main_window.py:3302] - _load_parsing_history: чтение файла истории...
2026-01-27 17:33:14 - PinMaster - DEBUG - [qt_main_window.py:3308] - _load_parsing_history: история загружена, дат: 1
2026-01-27 17:33:14 - PinMaster - DEBUG - [qt_main_window.py:3313] - _load_parsing_history: обновление списка дат...
2026-01-27 17:33:14 - PinMaster - DEBUG - [qt_main_window.py:3317] - _load_parsing_history: добавление 1 дат в комбобокс...
2026-01-27 17:33:14 - PinMaster - DEBUG - [qt_main_window.py:3335] - _update_history_list: обновление списка для даты 2026-01-27, записей: 1
2026-01-27 17:33:14 - PinMaster - DEBUG - [qt_main_window.py:3350] - _update_history_list: добавлено 1 элементов в список
2026-01-27 17:33:14 - PinMaster - DEBUG - [qt_main_window.py:3321] - _load_parsing_history: обновление списка парсингов для даты 2026-01-27...
2026-01-27 17:33:14 - PinMaster - DEBUG - [qt_main_window.py:3335] - _update_history_list: обновление списка для даты 2026-01-27, записей: 1
2026-01-27 17:33:14 - PinMaster - DEBUG - [qt_main_window.py:3350] - _update_history_list: добавлено 1 элементов в список
2026-01-27 17:33:14 - PinMaster - DEBUG - [qt_main_window.py:3328] - _load_parsing_history: загрузка истории завершена успешно
2026-01-27 17:33:15 - PinMaster - DEBUG - [qt_main_window.py:3375] - _load_parsing_from_entry: загрузка парсинга из записи...
2026-01-27 17:33:15 - PinMaster - DEBUG - [qt_main_window.py:3383] - _load_parsing_from_entry: чтение CSV файла /Users/bulatmuhametzanov/Documents/PinMaster/csv/2026-01-27/pinterest_pins_котик_17-23-31.csv...
2026-01-27 17:33:15 - PinMaster - DEBUG - [qt_main_window.py:3394] - _load_parsing_from_entry: загружено 5 пинов
2026-01-27 17:33:15 - PinMaster - DEBUG - [qt_main_window.py:3402] - _load_parsing_from_entry: обновление сетки пинов...
2026-01-27 17:33:15 - PinMaster - DEBUG - [qt_main_window.py:424] - PinGridWidget.display_pins: начало отображения 5 пинов
2026-01-27 17:33:15 - PinMaster - DEBUG - [qt_main_window.py:427] - PinGridWidget.display_pins: очистка предыдущих карточек...
2026-01-27 17:33:15 - PinMaster - DEBUG - [qt_main_window.py:435] - PinGridWidget.display_pins: создание карточек в сетке 3 колонок...
2026-01-27 17:33:15 - PinMaster - DEBUG - [qt_main_window.py:440] - PinGridWidget.display_pins: создание карточки 1/5 (row=0, col=0)...
2026-01-27 17:33:15 - PinMaster - DEBUG - [qt_main_window.py:443] - PinGridWidget.display_pins: карточка 1 создана и добавлена
2026-01-27 17:33:15 - PinMaster - DEBUG - [qt_main_window.py:440] - PinGridWidget.display_pins: создание карточки 2/5 (row=0, col=1)...
2026-01-27 17:33:15 - PinMaster - DEBUG - [qt_main_window.py:443] - PinGridWidget.display_pins: карточка 2 создана и добавлена
2026-01-27 17:33:15 - PinMaster - DEBUG - [qt_main_window.py:440] - PinGridWidget.display_pins: создание карточки 3/5 (row=0, col=2)...
2026-01-27 17:33:15 - PinMaster - DEBUG - [qt_main_window.py:443] - PinGridWidget.display_pins: карточка 3 создана и добавлена
2026-01-27 17:33:15 - PinMaster - DEBUG - [qt_main_window.py:440] - PinGridWidget.display_pins: создание карточки 4/5 (row=1, col=0)...
2026-01-27 17:33:15 - PinMaster - DEBUG - [qt_main_window.py:443] - PinGridWidget.display_pins: карточка 4 создана и добавлена
2026-01-27 17:33:15 - PinMaster - DEBUG - [qt_main_window.py:440] - PinGridWidget.display_pins: создание карточки 5/5 (row=1, col=1)...
2026-01-27 17:33:15 - PinMaster - DEBUG - [qt_main_window.py:443] - PinGridWidget.display_pins: карточка 5 создана и добавлена
2026-01-27 17:33:15 - PinMaster - DEBUG - [qt_main_window.py:449] - PinGridWidget.display_pins: отображение завершено, создано карточек: 5
2026-01-27 17:33:15 - PinMaster - DEBUG - [qt_main_window.py:3404] - _load_parsing_from_entry: сетка пинов обновлена
2026-01-27 17:33:15 - PinMaster - DEBUG - [qt_main_window.py:3433] - _load_parsing_from_entry: загрузка парсинга завершена успешно
2026-01-27 17:33:15 - PinMaster - DEBUG - [qt_main_window.py:3375] - _load_parsing_from_entry: загрузка парсинга из записи...
2026-01-27 17:33:15 - PinMaster - DEBUG - [qt_main_window.py:3383] - _load_parsing_from_entry: чтение CSV файла /Users/bulatmuhametzanov/Documents/PinMaster/csv/2026-01-27/pinterest_pins_котик_17-23-31.csv...
2026-01-27 17:33:15 - PinMaster - DEBUG - [qt_main_window.py:3394] - _load_parsing_from_entry: загружено 5 пинов
2026-01-27 17:33:15 - PinMaster - DEBUG - [qt_main_window.py:3402] - _load_parsing_from_entry: обновление сетки пинов...
2026-01-27 17:33:15 - PinMaster - DEBUG - [qt_main_window.py:424] - PinGridWidget.display_pins: начало отображения 5 пинов
2026-01-27 17:33:15 - PinMaster - DEBUG - [qt_main_window.py:427] - PinGridWidget.display_pins: очистка предыдущих карточек...
2026-01-27 17:33:15 - PinMaster - DEBUG - [qt_main_window.py:435] - PinGridWidget.display_pins: создание карточек в сетке 3 колонок...
2026-01-27 17:33:15 - PinMaster - DEBUG - [qt_main_window.py:440] - PinGridWidget.display_pins: создание карточки 1/5 (row=0, col=0)...
2026-01-27 17:33:15 - PinMaster - DEBUG - [qt_main_window.py:443] - PinGridWidget.display_pins: карточка 1 создана и добавлена
2026-01-27 17:33:15 - PinMaster - DEBUG - [qt_main_window.py:440] - PinGridWidget.display_pins: создание карточки 2/5 (row=0, col=1)...
2026-01-27 17:33:15 - PinMaster - DEBUG - [qt_main_window.py:443] - PinGridWidget.display_pins: карточка 2 создана и добавлена
2026-01-27 17:33:15 - PinMaster - DEBUG - [qt_main_window.py:440] - PinGridWidget.display_pins: создание карточки 3/5 (row=0, col=2)...
2026-01-27 17:33:15 - PinMaster - DEBUG - [qt_main_window.py:443] - PinGridWidget.display_pins: карточка 3 создана и добавлена
2026-01-27 17:33:15 - PinMaster - DEBUG - [qt_main_window.py:440] - PinGridWidget.display_pins: создание карточки 4/5 (row=1, col=0)...
2026-01-27 17:33:15 - PinMaster - DEBUG - [qt_main_window.py:443] - PinGridWidget.display_pins: карточка 4 создана и добавлена
2026-01-27 17:33:15 - PinMaster - DEBUG - [qt_main_window.py:440] - PinGridWidget.display_pins: создание карточки 5/5 (row=1, col=1)...
2026-01-27 17:33:15 - PinMaster - DEBUG - [qt_main_window.py:443] - PinGridWidget.display_pins: карточка 5 создана и добавлена
2026-01-27 17:33:15 - PinMaster - DEBUG - [qt_main_window.py:449] - PinGridWidget.display_pins: отображение завершено, создано карточек: 5
2026-01-27 17:33:15 - PinMaster - DEBUG - [qt_main_window.py:3404] - _load_parsing_from_entry: сетка пинов обновлена
2026-01-27 17:33:15 - PinMaster - DEBUG - [qt_main_window.py:3433] - _load_parsing_from_entry: загрузка парсинга завершена успешно
2026-01-27 17:33:16 - PinMaster - INFO - [qt_main_window.py:1882] - _init_parser_with_login: запуск инициализации парсера, enable_login=True, headless=False
2026-01-27 17:33:16 - PinMaster - INFO - [qt_main_window.py:1890] - _init_parser_with_login: поток инициализации парсера запущен
2026-01-27 17:33:16 - PinMaster - INFO - [qt_main_window.py:1882] - _init_parser_with_login: запуск инициализации парсера, enable_login=True, headless=False
2026-01-27 17:33:20 - PinMaster - INFO - [qt_main_window.py:37] - ================================================================================
2026-01-27 17:33:20 - PinMaster - INFO - [qt_main_window.py:38] - ЗАПУСК ПРИЛОЖЕНИЯ PINMASTER
2026-01-27 17:33:20 - PinMaster - INFO - [qt_main_window.py:39] - ================================================================================
2026-01-27 17:33:20 - PinMaster - DEBUG - [qt_main_window.py:43] - Попытка импорта webdriver_frozen_patch...
2026-01-27 17:33:20 - PinMaster - DEBUG - [qt_main_window.py:45] - webdriver_frozen_patch успешно импортирован
2026-01-27 17:33:21 - PinMaster - INFO - [qt_main_window.py:3647] - ================================================================================
2026-01-27 17:33:21 - PinMaster - INFO - [qt_main_window.py:3648] - ТОЧКА ВХОДА: Запуск приложения
2026-01-27 17:33:21 - PinMaster - INFO - [qt_main_window.py:3649] - ================================================================================
2026-01-27 17:33:21 - PinMaster - INFO - [qt_main_window.py:3652] - Создание QApplication...
2026-01-27 17:33:21 - PinMaster - INFO - [qt_main_window.py:3654] - QApplication создан успешно
2026-01-27 17:33:21 - PinMaster - INFO - [qt_main_window.py:3656] - Создание PinterestMainWindow...
2026-01-27 17:33:21 - PinMaster - INFO - [qt_main_window.py:718] - Инициализация PinterestMainWindow...
2026-01-27 17:33:21 - PinMaster - DEBUG - [qt_main_window.py:720] - Вызов super().__init__()...
2026-01-27 17:33:21 - PinMaster - DEBUG - [qt_main_window.py:722] - super().__init__() выполнен успешно
2026-01-27 17:33:21 - PinMaster - DEBUG - [qt_main_window.py:724] - Инициализация переменных экземпляра...
2026-01-27 17:33:21 - PinMaster - DEBUG - [qt_main_window.py:740] - Переменные экземпляра инициализированы
2026-01-27 17:33:21 - PinMaster - INFO - [qt_main_window.py:742] - Вызов setup_ui()...
2026-01-27 17:33:21 - PinMaster - DEBUG - [qt_main_window.py:764] - Начало setup_ui()...
2026-01-27 17:33:21 - PinMaster - DEBUG - [qt_main_window.py:766] - Установка заголовка окна...
2026-01-27 17:33:21 - PinMaster - DEBUG - [qt_main_window.py:768] - Заголовок установлен: PinMaster
2026-01-27 17:33:21 - PinMaster - DEBUG - [qt_main_window.py:770] - Установка минимального размера окна...
2026-01-27 17:33:21 - PinMaster - DEBUG - [qt_main_window.py:774] - Загрузка стилей...
2026-01-27 17:33:21 - PinMaster - DEBUG - [qt_main_window.py:1247] - Начало load_styles()...
2026-01-27 17:33:21 - PinMaster - DEBUG - [qt_main_window.py:1250] - Путь к стилям: /Users/bulatmuhametzanov/Desktop/пинтерест/styles.qss
2026-01-27 17:33:21 - PinMaster - DEBUG - [qt_main_window.py:1253] - Файл стилей открыт, чтение...
2026-01-27 17:33:21 - PinMaster - DEBUG - [qt_main_window.py:1258] - Стили загружены из файла
2026-01-27 17:33:21 - PinMaster - DEBUG - [qt_main_window.py:776] - Стили загружены
2026-01-27 17:33:21 - PinMaster - INFO - [qt_main_window.py:744] - setup_ui() выполнен успешно
2026-01-27 17:33:21 - PinMaster - INFO - [qt_main_window.py:746] - Вызов setup_tray_icon()...
2026-01-27 17:33:21 - PinMaster - DEBUG - [qt_main_window.py:1276] - Начало setup_tray_icon()...
2026-01-27 17:33:21 - PinMaster - DEBUG - [qt_main_window.py:1282] - Создание иконки трея...
2026-01-27 17:33:21 - PinMaster - DEBUG - [qt_main_window.py:1288] - Создание меню трея...
2026-01-27 17:33:21 - PinMaster - DEBUG - [qt_main_window.py:1309] - Иконка трея настроена и отображена
2026-01-27 17:33:21 - PinMaster - INFO - [qt_main_window.py:748] - setup_tray_icon() выполнен успешно
2026-01-27 17:33:21 - PinMaster - INFO - [qt_main_window.py:750] - Вызов load_config()...
2026-01-27 17:33:21 - PinMaster - DEBUG - [qt_main_window.py:1527] - Начало load_config()...
2026-01-27 17:33:21 - PinMaster - DEBUG - [qt_main_window.py:1530] - Путь к конфигу: /Users/bulatmuhametzanov/Desktop/пинтерест/config.json
2026-01-27 17:33:21 - PinMaster - DEBUG - [qt_main_window.py:1533] - Чтение конфига из файла...
2026-01-27 17:33:21 - PinMaster - DEBUG - [qt_main_window.py:1536] - Конфиг загружен из файла
2026-01-27 17:33:21 - PinMaster - INFO - [qt_main_window.py:752] - load_config() выполнен успешно
2026-01-27 17:33:21 - PinMaster - INFO - [qt_main_window.py:754] - Инициализация ToastManager...
2026-01-27 17:33:21 - PinMaster - INFO - [qt_main_window.py:756] - ToastManager инициализирован успешно
2026-01-27 17:33:21 - PinMaster - INFO - [qt_main_window.py:758] - PinterestMainWindow инициализирован успешно
2026-01-27 17:33:21 - PinMaster - INFO - [qt_main_window.py:3658] - PinterestMainWindow создан успешно
2026-01-27 17:33:21 - PinMaster - INFO - [qt_main_window.py:3660] - Отображение окна...
2026-01-27 17:33:21 - PinMaster - INFO - [qt_main_window.py:3662] - Окно отображено, запуск event loop...
2026-01-27 17:33:22 - PinMaster - DEBUG - [qt_main_window.py:3296] - _load_parsing_history: начало загрузки истории...
2026-01-27 17:33:22 - PinMaster - DEBUG - [qt_main_window.py:3302] - _load_parsing_history: чтение файла истории...
2026-01-27 17:33:22 - PinMaster - DEBUG - [qt_main_window.py:3308] - _load_parsing_history: история загружена, дат: 1
2026-01-27 17:33:22 - PinMaster - DEBUG - [qt_main_window.py:3313] - _load_parsing_history: обновление списка дат...
2026-01-27 17:33:22 - PinMaster - DEBUG - [qt_main_window.py:3317] - _load_parsing_history: добавление 1 дат в комбобокс...
2026-01-27 17:33:22 - PinMaster - DEBUG - [qt_main_window.py:3335] - _update_history_list: обновление списка для даты 2026-01-27, записей: 1
2026-01-27 17:33:22 - PinMaster - DEBUG - [qt_main_window.py:3350] - _update_history_list: добавлено 1 элементов в список
2026-01-27 17:33:22 - PinMaster - DEBUG - [qt_main_window.py:3321] - _load_parsing_history: обновление списка парсингов для даты 2026-01-27...
2026-01-27 17:33:22 - PinMaster - DEBUG - [qt_main_window.py:3335] - _update_history_list: обновление списка для даты 2026-01-27, записей: 1
2026-01-27 17:33:22 - PinMaster - DEBUG - [qt_main_window.py:3350] - _update_history_list: добавлено 1 элементов в список
2026-01-27 17:33:22 - PinMaster - DEBUG - [qt_main_window.py:3328] - _load_parsing_history: загрузка истории завершена успешно
2026-01-27 17:33:22 - PinMaster - DEBUG - [qt_main_window.py:3296] - _load_parsing_history: начало загрузки истории...
2026-01-27 17:33:22 - PinMaster - DEBUG - [qt_main_window.py:3302] - _load_parsing_history: чтение файла истории...
2026-01-27 17:33:22 - PinMaster - DEBUG - [qt_main_window.py:3308] - _load_parsing_history: история загружена, дат: 1
2026-01-27 17:33:22 - PinMaster - DEBUG - [qt_main_window.py:3313] - _load_parsing_history: обновление списка дат...
2026-01-27 17:33:22 - PinMaster - DEBUG - [qt_main_window.py:3317] - _load_parsing_history: добавление 1 дат в комбобокс...
2026-01-27 17:33:22 - PinMaster - DEBUG - [qt_main_window.py:3335] - _update_history_list: обновление списка для даты 2026-01-27, записей: 1
2026-01-27 17:33:22 - PinMaster - DEBUG - [qt_main_window.py:3350] - _update_history_list: добавлено 1 элементов в список
2026-01-27 17:33:22 - PinMaster - DEBUG - [qt_main_window.py:3321] - _load_parsing_history: обновление списка парсингов для даты 2026-01-27...
2026-01-27 17:33:22 - PinMaster - DEBUG - [qt_main_window.py:3335] - _update_history_list: обновление списка для даты 2026-01-27, записей: 1
2026-01-27 17:33:22 - PinMaster - DEBUG - [qt_main_window.py:3350] - _update_history_list: добавлено 1 элементов в список
2026-01-27 17:33:22 - PinMaster - DEBUG - [qt_main_window.py:3328] - _load_parsing_history: загрузка истории завершена успешно
2026-01-27 17:33:23 - PinMaster - DEBUG - [qt_main_window.py:3375] - _load_parsing_from_entry: загрузка парсинга из записи...
2026-01-27 17:33:23 - PinMaster - DEBUG - [qt_main_window.py:3383] - _load_parsing_from_entry: чтение CSV файла /Users/bulatmuhametzanov/Documents/PinMaster/csv/2026-01-27/pinterest_pins_котик_17-23-31.csv...
2026-01-27 17:33:23 - PinMaster - DEBUG - [qt_main_window.py:3394] - _load_parsing_from_entry: загружено 5 пинов
2026-01-27 17:33:23 - PinMaster - DEBUG - [qt_main_window.py:3402] - _load_parsing_from_entry: обновление сетки пинов...
2026-01-27 17:33:23 - PinMaster - DEBUG - [qt_main_window.py:424] - PinGridWidget.display_pins: начало отображения 5 пинов
2026-01-27 17:33:23 - PinMaster - DEBUG - [qt_main_window.py:427] - PinGridWidget.display_pins: очистка предыдущих карточек...
2026-01-27 17:33:23 - PinMaster - DEBUG - [qt_main_window.py:435] - PinGridWidget.display_pins: создание карточек в сетке 3 колонок...
2026-01-27 17:33:23 - PinMaster - DEBUG - [qt_main_window.py:440] - PinGridWidget.display_pins: создание карточки 1/5 (row=0, col=0)...
2026-01-27 17:33:23 - PinMaster - DEBUG - [qt_main_window.py:443] - PinGridWidget.display_pins: карточка 1 создана и добавлена
2026-01-27 17:33:23 - PinMaster - DEBUG - [qt_main_window.py:440] - PinGridWidget.display_pins: создание карточки 2/5 (row=0, col=1)...
2026-01-27 17:33:23 - PinMaster - DEBUG - [qt_main_window.py:443] - PinGridWidget.display_pins: карточка 2 создана и добавлена
2026-01-27 17:33:23 - PinMaster - DEBUG - [qt_main_window.py:440] - PinGridWidget.display_pins: создание карточки 3/5 (row=0, col=2)...
2026-01-27 17:33:23 - PinMaster - DEBUG - [qt_main_window.py:443] - PinGridWidget.display_pins: карточка 3 создана и добавлена
2026-01-27 17:33:23 - PinMaster - DEBUG - [qt_main_window.py:440] - PinGridWidget.display_pins: создание карточки 4/5 (row=1, col=0)...
2026-01-27 17:33:23 - PinMaster - DEBUG - [qt_main_window.py:443] - PinGridWidget.display_pins: карточка 4 создана и добавлена
2026-01-27 17:33:23 - PinMaster - DEBUG - [qt_main_window.py:440] - PinGridWidget.display_pins: создание карточки 5/5 (row=1, col=1)...
2026-01-27 17:33:23 - PinMaster - DEBUG - [qt_main_window.py:443] - PinGridWidget.display_pins: карточка 5 создана и добавлена
2026-01-27 17:33:23 - PinMaster - DEBUG - [qt_main_window.py:449] - PinGridWidget.display_pins: отображение завершено, создано карточек: 5
2026-01-27 17:33:23 - PinMaster - DEBUG - [qt_main_window.py:3404] - _load_parsing_from_entry: сетка пинов обновлена
2026-01-27 17:33:23 - PinMaster - DEBUG - [qt_main_window.py:3433] - _load_parsing_from_entry: загрузка парсинга завершена успешно
2026-01-27 17:33:23 - PinMaster - DEBUG - [qt_main_window.py:3375] - _load_parsing_from_entry: загрузка парсинга из записи...
2026-01-27 17:33:23 - PinMaster - DEBUG - [qt_main_window.py:3383] - _load_parsing_from_entry: чтение CSV файла /Users/bulatmuhametzanov/Documents/PinMaster/csv/2026-01-27/pinterest_pins_котик_17-23-31.csv...
2026-01-27 17:33:23 - PinMaster - DEBUG - [qt_main_window.py:3394] - _load_parsing_from_entry: загружено 5 пинов
2026-01-27 17:33:23 - PinMaster - DEBUG - [qt_main_window.py:3402] - _load_parsing_from_entry: обновление сетки пинов...
2026-01-27 17:33:23 - PinMaster - DEBUG - [qt_main_window.py:424] - PinGridWidget.display_pins: начало отображения 5 пинов
2026-01-27 17:33:23 - PinMaster - DEBUG - [qt_main_window.py:427] - PinGridWidget.display_pins: очистка предыдущих карточек...
2026-01-27 17:33:23 - PinMaster - DEBUG - [qt_main_window.py:435] - PinGridWidget.display_pins: создание карточек в сетке 3 колонок...
2026-01-27 17:33:23 - PinMaster - DEBUG - [qt_main_window.py:440] - PinGridWidget.display_pins: создание карточки 1/5 (row=0, col=0)...
2026-01-27 17:33:23 - PinMaster - DEBUG - [qt_main_window.py:443] - PinGridWidget.display_pins: карточка 1 создана и добавлена
2026-01-27 17:33:23 - PinMaster - DEBUG - [qt_main_window.py:440] - PinGridWidget.display_pins: создание карточки 2/5 (row=0, col=1)...
2026-01-27 17:33:23 - PinMaster - DEBUG - [qt_main_window.py:443] - PinGridWidget.display_pins: карточка 2 создана и добавлена
2026-01-27 17:33:23 - PinMaster - DEBUG - [qt_main_window.py:440] - PinGridWidget.display_pins: создание карточки 3/5 (row=0, col=2)...
2026-01-27 17:33:23 - PinMaster - DEBUG - [qt_main_window.py:443] - PinGridWidget.display_pins: карточка 3 создана и добавлена
2026-01-27 17:33:23 - PinMaster - DEBUG - [qt_main_window.py:440] - PinGridWidget.display_pins: создание карточки 4/5 (row=1, col=0)...
2026-01-27 17:33:23 - PinMaster - DEBUG - [qt_main_window.py:443] - PinGridWidget.display_pins: карточка 4 создана и добавлена
2026-01-27 17:33:23 - PinMaster - DEBUG - [qt_main_window.py:440] - PinGridWidget.display_pins: создание карточки 5/5 (row=1, col=1)...
2026-01-27 17:33:23 - PinMaster - DEBUG - [qt_main_window.py:443] - PinGridWidget.display_pins: карточка 5 создана и добавлена
2026-01-27 17:33:23 - PinMaster - DEBUG - [qt_main_window.py:449] - PinGridWidget.display_pins: отображение завершено, создано карточек: 5
2026-01-27 17:33:23 - PinMaster - DEBUG - [qt_main_window.py:3404] - _load_parsing_from_entry: сетка пинов обновлена
2026-01-27 17:33:23 - PinMaster - DEBUG - [qt_main_window.py:3433] - _load_parsing_from_entry: загрузка парсинга завершена успешно
2026-01-27 17:33:23 - PinMaster - INFO - [qt_main_window.py:1882] - _init_parser_with_login: запуск инициализации парсера, enable_login=True, headless=False
2026-01-27 17:33:23 - PinMaster - INFO - [qt_main_window.py:1890] - _init_parser_with_login: поток инициализации парсера запущен
2026-01-27 17:33:23 - PinMaster - INFO - [qt_main_window.py:587] - ================================================================================
2026-01-27 17:33:23 - PinMaster - INFO - [qt_main_window.py:1882] - _init_parser_with_login: запуск инициализации парсера, enable_login=True, headless=False
2026-01-27 17:33:23 - PinMaster - INFO - [qt_main_window.py:588] - ParserInitThread: ИНИЦИАЛИЗАЦИЯ ПАРСЕРА В ПОТОКЕ
2026-01-27 17:33:23 - PinMaster - INFO - [qt_main_window.py:589] - ================================================================================
2026-01-27 17:33:23 - PinMaster - INFO - [qt_main_window.py:590] - ParserInitThread: enable_login=True
2026-01-27 17:33:23 - PinMaster - INFO - [qt_main_window.py:591] - ParserInitThread: headless=False
2026-01-27 17:33:23 - PinMaster - INFO - [qt_main_window.py:592] - ParserInitThread: download_images=True
2026-01-27 17:33:23 - PinMaster - INFO - [qt_main_window.py:593] - ================================================================================
2026-01-27 17:33:23 - PinMaster - INFO - [qt_main_window.py:605] - ParserInitThread: создание PinterestSeleniumParser...
2026-01-27 17:33:23 - PinMaster - INFO - [qt_main_window.py:1890] - _init_parser_with_login: поток инициализации парсера запущен
2026-01-27 17:33:23 - PinMaster - INFO - [qt_main_window.py:587] - ================================================================================
2026-01-27 17:33:23 - PinMaster - INFO - [qt_main_window.py:588] - ParserInitThread: ИНИЦИАЛИЗАЦИЯ ПАРСЕРА В ПОТОКЕ
2026-01-27 17:33:23 - PinMaster - INFO - [qt_main_window.py:589] - ================================================================================
2026-01-27 17:33:23 - PinMaster - INFO - [qt_main_window.py:590] - ParserInitThread: enable_login=True
2026-01-27 17:33:23 - PinMaster - INFO - [qt_main_window.py:591] - ParserInitThread: headless=False
2026-01-27 17:33:23 - PinMaster - INFO - [qt_main_window.py:592] - ParserInitThread: download_images=True
2026-01-27 17:33:23 - PinMaster - INFO - [qt_main_window.py:593] - ================================================================================
2026-01-27 17:33:23 - PinMaster - INFO - [qt_main_window.py:605] - ParserInitThread: создание PinterestSeleniumParser...
2026-01-27 17:33:23 - PinMaster - DEBUG - [qt_main_window.py:1377] - show_page: переключение на страницу 'publish'
2026-01-27 17:34:01 - PinMaster - INFO - [qt_main_window.py:37] - ================================================================================
2026-01-27 17:34:01 - PinMaster - INFO - [qt_main_window.py:38] - ЗАПУСК ПРИЛОЖЕНИЯ PINMASTER
2026-01-27 17:34:01 - PinMaster - INFO - [qt_main_window.py:39] - ================================================================================
2026-01-27 17:34:01 - PinMaster - DEBUG - [qt_main_window.py:43] - Попытка импорта webdriver_frozen_patch...
2026-01-27 17:34:01 - PinMaster - DEBUG - [qt_main_window.py:45] - webdriver_frozen_patch успешно импортирован
2026-01-27 17:34:01 - PinMaster - INFO - [qt_main_window.py:3651] - ================================================================================
2026-01-27 17:34:01 - PinMaster - INFO - [qt_main_window.py:3652] - ТОЧКА ВХОДА: Запуск приложения
2026-01-27 17:34:01 - PinMaster - INFO - [qt_main_window.py:3653] - ================================================================================
2026-01-27 17:34:01 - PinMaster - INFO - [qt_main_window.py:3656] - Создание QApplication...
2026-01-27 17:34:01 - PinMaster - INFO - [qt_main_window.py:3658] - QApplication создан успешно
2026-01-27 17:34:01 - PinMaster - INFO - [qt_main_window.py:3660] - Создание PinterestMainWindow...
2026-01-27 17:34:01 - PinMaster - INFO - [qt_main_window.py:718] - Инициализация PinterestMainWindow...
2026-01-27 17:34:01 - PinMaster - DEBUG - [qt_main_window.py:720] - Вызов super().__init__()...
2026-01-27 17:34:01 - PinMaster - DEBUG - [qt_main_window.py:722] - super().__init__() выполнен успешно
2026-01-27 17:34:01 - PinMaster - DEBUG - [qt_main_window.py:724] - Инициализация переменных экземпляра...
2026-01-27 17:34:01 - PinMaster - DEBUG - [qt_main_window.py:740] - Переменные экземпляра инициализированы
2026-01-27 17:34:01 - PinMaster - INFO - [qt_main_window.py:742] - Вызов setup_ui()...
2026-01-27 17:34:01 - PinMaster - DEBUG - [qt_main_window.py:764] - Начало setup_ui()...
2026-01-27 17:34:01 - PinMaster - DEBUG - [qt_main_window.py:766] - Установка заголовка окна...
2026-01-27 17:34:01 - PinMaster - DEBUG - [qt_main_window.py:768] - Заголовок установлен: PinMaster
2026-01-27 17:34:01 - PinMaster - DEBUG - [qt_main_window.py:770] - Установка минимального размера окна...
2026-01-27 17:34:01 - PinMaster - DEBUG - [qt_main_window.py:774] - Загрузка стилей...
2026-01-27 17:34:01 - PinMaster - DEBUG - [qt_main_window.py:1247] - Начало load_styles()...
2026-01-27 17:34:01 - PinMaster - DEBUG - [qt_main_window.py:1250] - Путь к стилям: /Users/bulatmuhametzanov/Desktop/пинтерест/styles.qss
2026-01-27 17:34:01 - PinMaster - DEBUG - [qt_main_window.py:1253] - Файл стилей открыт, чтение...
2026-01-27 17:34:01 - PinMaster - DEBUG - [qt_main_window.py:1258] - Стили загружены из файла
2026-01-27 17:34:01 - PinMaster - DEBUG - [qt_main_window.py:776] - Стили загружены
2026-01-27 17:34:01 - PinMaster - INFO - [qt_main_window.py:744] - setup_ui() выполнен успешно
2026-01-27 17:34:01 - PinMaster - INFO - [qt_main_window.py:746] - Вызов setup_tray_icon()...
2026-01-27 17:34:01 - PinMaster - DEBUG - [qt_main_window.py:1276] - Начало setup_tray_icon()...
2026-01-27 17:34:01 - PinMaster - DEBUG - [qt_main_window.py:1282] - Создание иконки трея...
2026-01-27 17:34:01 - PinMaster - DEBUG - [qt_main_window.py:1288] - Создание меню трея...
2026-01-27 17:34:01 - PinMaster - DEBUG - [qt_main_window.py:1309] - Иконка трея настроена и отображена
2026-01-27 17:34:01 - PinMaster - INFO - [qt_main_window.py:748] - setup_tray_icon() выполнен успешно
2026-01-27 17:34:01 - PinMaster - INFO - [qt_main_window.py:750] - Вызов load_config()...
2026-01-27 17:34:01 - PinMaster - DEBUG - [qt_main_window.py:1527] - Начало load_config()...
2026-01-27 17:34:01 - PinMaster - DEBUG - [qt_main_window.py:1530] - Путь к конфигу: /Users/bulatmuhametzanov/Desktop/пинтерест/config.json
2026-01-27 17:34:01 - PinMaster - DEBUG - [qt_main_window.py:1533] - Чтение конфига из файла...
2026-01-27 17:34:01 - PinMaster - DEBUG - [qt_main_window.py:1536] - Конфиг загружен из файла
2026-01-27 17:34:01 - PinMaster - INFO - [qt_main_window.py:752] - load_config() выполнен успешно
2026-01-27 17:34:01 - PinMaster - INFO - [qt_main_window.py:754] - Инициализация ToastManager...
2026-01-27 17:34:01 - PinMaster - INFO - [qt_main_window.py:756] - ToastManager инициализирован успешно
2026-01-27 17:34:01 - PinMaster - INFO - [qt_main_window.py:758] - PinterestMainWindow инициализирован успешно
2026-01-27 17:34:01 - PinMaster - INFO - [qt_main_window.py:3662] - PinterestMainWindow создан успешно
2026-01-27 17:34:01 - PinMaster - INFO - [qt_main_window.py:3664] - Отображение окна...
2026-01-27 17:34:01 - PinMaster - INFO - [qt_main_window.py:3666] - Окно отображено, запуск event loop...
2026-01-27 17:34:02 - PinMaster - DEBUG - [qt_main_window.py:3296] - _load_parsing_history: начало загрузки истории...
2026-01-27 17:34:02 - PinMaster - DEBUG - [qt_main_window.py:3302] - _load_parsing_history: чтение файла истории...
2026-01-27 17:34:02 - PinMaster - DEBUG - [qt_main_window.py:3308] - _load_parsing_history: история загружена, дат: 1
2026-01-27 17:34:02 - PinMaster - DEBUG - [qt_main_window.py:3313] - _load_parsing_history: обновление списка дат...
2026-01-27 17:34:02 - PinMaster - DEBUG - [qt_main_window.py:3317] - _load_parsing_history: добавление 1 дат в комбобокс...
2026-01-27 17:34:02 - PinMaster - DEBUG - [qt_main_window.py:3335] - _update_history_list: обновление списка для даты 2026-01-27, записей: 1
2026-01-27 17:34:02 - PinMaster - DEBUG - [qt_main_window.py:3350] - _update_history_list: добавлено 1 элементов в список
2026-01-27 17:34:02 - PinMaster - DEBUG - [qt_main_window.py:3321] - _load_parsing_history: обновление списка парсингов для даты 2026-01-27...
2026-01-27 17:34:02 - PinMaster - DEBUG - [qt_main_window.py:3335] - _update_history_list: обновление списка для даты 2026-01-27, записей: 1
2026-01-27 17:34:02 - PinMaster - DEBUG - [qt_main_window.py:3350] - _update_history_list: добавлено 1 элементов в список
2026-01-27 17:34:02 - PinMaster - DEBUG - [qt_main_window.py:3328] - _load_parsing_history: загрузка истории завершена успешно
2026-01-27 17:34:02 - PinMaster - DEBUG - [qt_main_window.py:3296] - _load_parsing_history: начало загрузки истории...
2026-01-27 17:34:02 - PinMaster - DEBUG - [qt_main_window.py:3302] - _load_parsing_history: чтение файла истории...
2026-01-27 17:34:02 - PinMaster - DEBUG - [qt_main_window.py:3308] - _load_parsing_history: история загружена, дат: 1
2026-01-27 17:34:02 - PinMaster - DEBUG - [qt_main_window.py:3313] - _load_parsing_history: обновление списка дат...
2026-01-27 17:34:02 - PinMaster - DEBUG - [qt_main_window.py:3317] - _load_parsing_history: добавление 1 дат в комбобокс...
2026-01-27 17:34:02 - PinMaster - DEBUG - [qt_main_window.py:3335] - _update_history_list: обновление списка для даты 2026-01-27, записей: 1
2026-01-27 17:34:02 - PinMaster - DEBUG - [qt_main_window.py:3350] - _update_history_list: добавлено 1 элементов в список
2026-01-27 17:34:02 - PinMaster - DEBUG - [qt_main_window.py:3321] - _load_parsing_history: обновление списка парсингов для даты 2026-01-27...
2026-01-27 17:34:02 - PinMaster - DEBUG - [qt_main_window.py:3335] - _update_history_list: обновление списка для даты 2026-01-27, записей: 1
2026-01-27 17:34:02 - PinMaster - DEBUG - [qt_main_window.py:3350] - _update_history_list: добавлено 1 элементов в список
2026-01-27 17:34:02 - PinMaster - DEBUG - [qt_main_window.py:3328] - _load_parsing_history: загрузка истории завершена успешно
2026-01-27 17:34:03 - PinMaster - DEBUG - [qt_main_window.py:3375] - _load_parsing_from_entry: загрузка парсинга из записи...
2026-01-27 17:34:03 - PinMaster - DEBUG - [qt_main_window.py:3383] - _load_parsing_from_entry: чтение CSV файла /Users/bulatmuhametzanov/Documents/PinMaster/csv/2026-01-27/pinterest_pins_котик_17-23-31.csv...
2026-01-27 17:34:03 - PinMaster - DEBUG - [qt_main_window.py:3394] - _load_parsing_from_entry: загружено 5 пинов
2026-01-27 17:34:03 - PinMaster - DEBUG - [qt_main_window.py:3402] - _load_parsing_from_entry: обновление сетки пинов...
2026-01-27 17:34:03 - PinMaster - DEBUG - [qt_main_window.py:424] - PinGridWidget.display_pins: начало отображения 5 пинов
2026-01-27 17:34:03 - PinMaster - DEBUG - [qt_main_window.py:427] - PinGridWidget.display_pins: очистка предыдущих карточек...
2026-01-27 17:34:03 - PinMaster - DEBUG - [qt_main_window.py:435] - PinGridWidget.display_pins: создание карточек в сетке 3 колонок...
2026-01-27 17:34:03 - PinMaster - DEBUG - [qt_main_window.py:440] - PinGridWidget.display_pins: создание карточки 1/5 (row=0, col=0)...
2026-01-27 17:34:03 - PinMaster - DEBUG - [qt_main_window.py:443] - PinGridWidget.display_pins: карточка 1 создана и добавлена
2026-01-27 17:34:03 - PinMaster - DEBUG - [qt_main_window.py:440] - PinGridWidget.display_pins: создание карточки 2/5 (row=0, col=1)...
2026-01-27 17:34:03 - PinMaster - DEBUG - [qt_main_window.py:443] - PinGridWidget.display_pins: карточка 2 создана и добавлена
2026-01-27 17:34:03 - PinMaster - DEBUG - [qt_main_window.py:440] - PinGridWidget.display_pins: создание карточки 3/5 (row=0, col=2)...
2026-01-27 17:34:03 - PinMaster - DEBUG - [qt_main_window.py:443] - PinGridWidget.display_pins: карточка 3 создана и добавлена
2026-01-27 17:34:03 - PinMaster - DEBUG - [qt_main_window.py:440] - PinGridWidget.display_pins: создание карточки 4/5 (row=1, col=0)...
2026-01-27 17:34:03 - PinMaster - DEBUG - [qt_main_window.py:443] - PinGridWidget.display_pins: карточка 4 создана и добавлена
2026-01-27 17:34:03 - PinMaster - DEBUG - [qt_main_window.py:440] - PinGridWidget.display_pins: создание карточки 5/5 (row=1, col=1)...
2026-01-27 17:34:03 - PinMaster - DEBUG - [qt_main_window.py:443] - PinGridWidget.display_pins: карточка 5 создана и добавлена
2026-01-27 17:34:03 - PinMaster - DEBUG - [qt_main_window.py:449] - PinGridWidget.display_pins: отображение завершено, создано карточек: 5
2026-01-27 17:34:03 - PinMaster - DEBUG - [qt_main_window.py:3404] - _load_parsing_from_entry: сетка пинов обновлена
2026-01-27 17:34:03 - PinMaster - DEBUG - [qt_main_window.py:3433] - _load_parsing_from_entry: загрузка парсинга завершена успешно
2026-01-27 17:34:03 - PinMaster - DEBUG - [qt_main_window.py:3375] - _load_parsing_from_entry: загрузка парсинга из записи...
2026-01-27 17:34:03 - PinMaster - DEBUG - [qt_main_window.py:3383] - _load_parsing_from_entry: чтение CSV файла /Users/bulatmuhametzanov/Documents/PinMaster/csv/2026-01-27/pinterest_pins_котик_17-23-31.csv...
2026-01-27 17:34:03 - PinMaster - DEBUG - [qt_main_window.py:3394] - _load_parsing_from_entry: загружено 5 пинов
2026-01-27 17:34:03 - PinMaster - DEBUG - [qt_main_window.py:3402] - _load_parsing_from_entry: обновление сетки пинов...
2026-01-27 17:34:03 - PinMaster - DEBUG - [qt_main_window.py:424] - PinGridWidget.display_pins: начало отображения 5 пинов
2026-01-27 17:34:03 - PinMaster - DEBUG - [qt_main_window.py:427] - PinGridWidget.display_pins: очистка предыдущих карточек...
2026-01-27 17:34:03 - PinMaster - DEBUG - [qt_main_window.py:435] - PinGridWidget.display_pins: создание карточек в сетке 3 колонок...
2026-01-27 17:34:03 - PinMaster - DEBUG - [qt_main_window.py:440] - PinGridWidget.display_pins: создание карточки 1/5 (row=0, col=0)...
2026-01-27 17:34:03 - PinMaster - DEBUG - [qt_main_window.py:443] - PinGridWidget.display_pins: карточка 1 создана и добавлена
2026-01-27 17:34:03 - PinMaster - DEBUG - [qt_main_window.py:440] - PinGridWidget.display_pins: создание карточки 2/5 (row=0, col=1)...
2026-01-27 17:34:03 - PinMaster - DEBUG - [qt_main_window.py:443] - PinGridWidget.display_pins: карточка 2 создана и добавлена
2026-01-27 17:34:03 - PinMaster - DEBUG - [qt_main_window.py:440] - PinGridWidget.display_pins: создание карточки 3/5 (row=0, col=2)...
2026-01-27 17:34:03 - PinMaster - DEBUG - [qt_main_window.py:443] - PinGridWidget.display_pins: карточка 3 создана и добавлена
2026-01-27 17:34:03 - PinMaster - DEBUG - [qt_main_window.py:440] - PinGridWidget.display_pins: создание карточки 4/5 (row=1, col=0)...
2026-01-27 17:34:03 - PinMaster - DEBUG - [qt_main_window.py:443] - PinGridWidget.display_pins: карточка 4 создана и добавлена
2026-01-27 17:34:03 - PinMaster - DEBUG - [qt_main_window.py:440] - PinGridWidget.display_pins: создание карточки 5/5 (row=1, col=1)...
2026-01-27 17:34:03 - PinMaster - DEBUG - [qt_main_window.py:443] - PinGridWidget.display_pins: карточка 5 создана и добавлена
2026-01-27 17:34:03 - PinMaster - DEBUG - [qt_main_window.py:449] - PinGridWidget.display_pins: отображение завершено, создано карточек: 5
2026-01-27 17:34:03 - PinMaster - DEBUG - [qt_main_window.py:3404] - _load_parsing_from_entry: сетка пинов обновлена
2026-01-27 17:34:03 - PinMaster - DEBUG - [qt_main_window.py:3433] - _load_parsing_from_entry: загрузка парсинга завершена успешно
2026-01-27 17:34:03 - PinMaster - INFO - [qt_main_window.py:1882] - _init_parser_with_login: запуск инициализации парсера, enable_login=True, headless=False
2026-01-27 17:34:03 - PinMaster - INFO - [qt_main_window.py:1890] - _init_parser_with_login: поток инициализации парсера запущен
2026-01-27 17:34:03 - PinMaster - INFO - [qt_main_window.py:587] - ================================================================================
2026-01-27 17:34:03 - PinMaster - INFO - [qt_main_window.py:1882] - _init_parser_with_login: запуск инициализации парсера, enable_login=True, headless=False
2026-01-27 17:34:03 - PinMaster - INFO - [qt_main_window.py:588] - ParserInitThread: ИНИЦИАЛИЗАЦИЯ ПАРСЕРА В ПОТОКЕ
2026-01-27 17:34:03 - PinMaster - INFO - [qt_main_window.py:589] - ================================================================================
2026-01-27 17:34:03 - PinMaster - INFO - [qt_main_window.py:1890] - _init_parser_with_login: поток инициализации парсера запущен
2026-01-27 17:34:03 - PinMaster - INFO - [qt_main_window.py:587] - ================================================================================
2026-01-27 17:34:03 - PinMaster - INFO - [qt_main_window.py:590] - ParserInitThread: enable_login=True
2026-01-27 17:34:03 - PinMaster - INFO - [qt_main_window.py:588] - ParserInitThread: ИНИЦИАЛИЗАЦИЯ ПАРСЕРА В ПОТОКЕ
2026-01-27 17:34:03 - PinMaster - INFO - [qt_main_window.py:591] - ParserInitThread: headless=False
2026-01-27 17:34:03 - PinMaster - INFO - [qt_main_window.py:589] - ================================================================================
2026-01-27 17:34:03 - PinMaster - INFO - [qt_main_window.py:592] - ParserInitThread: download_images=True
2026-01-27 17:34:03 - PinMaster - INFO - [qt_main_window.py:590] - ParserInitThread: enable_login=True
2026-01-27 17:34:03 - PinMaster - INFO - [qt_main_window.py:591] - ParserInitThread: headless=False
2026-01-27 17:34:03 - PinMaster - INFO - [qt_main_window.py:592] - ParserInitThread: download_images=True
2026-01-27 17:34:03 - PinMaster - INFO - [qt_main_window.py:593] - ================================================================================
2026-01-27 17:34:03 - PinMaster - INFO - [qt_main_window.py:605] - ParserInitThread: создание PinterestSeleniumParser...
2026-01-27 17:34:03 - PinMaster - INFO - [qt_main_window.py:593] - ================================================================================
2026-01-27 17:34:03 - PinMaster - INFO - [qt_main_window.py:605] - ParserInitThread: создание PinterestSeleniumParser...
2026-01-27 17:34:10 - PinMaster - DEBUG - [qt_main_window.py:1377] - show_page: переключение на страницу 'publish'
2026-01-27 17:34:10 - PinMaster - WARNING - [qt_main_window.py:3550] - on_publish_parsing_changed: получен неверный тип индекса: <class 'str'>, значение: 17:23:31 | котик | 5 пинов
2026-01-27 17:34:10 - PinMaster - WARNING - [qt_main_window.py:3550] - on_publish_parsing_changed: получен неверный тип индекса: <class 'str'>, значение: 
2026-01-27 17:34:10 - PinMaster - WARNING - [qt_main_window.py:3550] - on_publish_parsing_changed: получен неверный тип индекса: <class 'str'>, значение: 17:23:31 | котик | 5 пинов
2026-01-27 17:34:21 - PinMaster - INFO - [qt_main_window.py:613] - ParserInitThread: парсер создан успешно
2026-01-27 17:34:21 - PinMaster - DEBUG - [qt_main_window.py:617] - ParserInitThread: проверка драйвера...
2026-01-27 17:34:21 - PinMaster - INFO - [qt_main_window.py:623] - ParserInitThread: Chrome драйвер доступен
2026-01-27 17:34:21 - PinMaster - INFO - [qt_main_window.py:627] - ParserInitThread: отправка сигнала parser_ready...
2026-01-27 17:34:21 - PinMaster - INFO - [qt_main_window.py:630] - ParserInitThread: сигнал parser_ready отправлен
2026-01-27 17:34:21 - PinMaster - DEBUG - [qt_main_window.py:635] - ParserInitThread: проверка успешности авторизации...
2026-01-27 17:34:21 - PinMaster - INFO - [qt_main_window.py:1904] - on_parser_ready: парсер готов
2026-01-27 17:34:21 - PinMaster - INFO - [qt_main_window.py:638] - ParserInitThread: авторизация успешна, отправка сигнала login_completed...
2026-01-27 17:34:21 - PinMaster - INFO - [qt_main_window.py:641] - ParserInitThread: сигнал login_completed отправлен
2026-01-27 17:34:21 - PinMaster - INFO - [qt_main_window.py:647] - ParserInitThread: инициализация парсера завершена успешно
2026-01-27 17:34:21 - PinMaster - INFO - [qt_main_window.py:466] - AccountInfoThread: запуск потока...
2026-01-27 17:34:21 - PinMaster - DEBUG - [qt_main_window.py:469] - AccountInfoThread: проверка парсера...
2026-01-27 17:34:21 - PinMaster - DEBUG - [qt_main_window.py:476] - AccountInfoThread: парсер доступен, получение информации об аккаунте...
2026-01-27 17:34:22 - PinMaster - DEBUG - [qt_main_window.py:480] - AccountInfoThread: информация об аккаунте получена: {'username': 'uazis1', 'profile_url': 'https://ru.pinterest.com/uazis1/', 'pins_url': 'https://ru.pinterest.com/uazis1/_pins/', 'boards_url': 'https://ru.pinterest.com/uazis1/_boards/'}
2026-01-27 17:34:22 - PinMaster - INFO - [qt_main_window.py:500] - AccountInfoThread: парсинг досок для пользователя uazis1...
2026-01-27 17:34:22 - PinMaster - DEBUG - [qt_main_window.py:515] - AccountInfoThread: используем кэш досок для uazis1
2026-01-27 17:34:22 - PinMaster - INFO - [qt_main_window.py:530] - AccountInfoThread: парсинг пинов для пользователя uazis1...
2026-01-27 17:34:22 - PinMaster - DEBUG - [qt_main_window.py:545] - AccountInfoThread: используем кэш пинов для uazis1
2026-01-27 17:34:22 - PinMaster - INFO - [qt_main_window.py:562] - AccountInfoThread: отправка сигнала account_info_ready...
2026-01-27 17:34:22 - PinMaster - INFO - [qt_main_window.py:564] - AccountInfoThread: поток завершен успешно
2026-01-27 17:34:23 - PinMaster - INFO - [qt_main_window.py:466] - AccountInfoThread: запуск потока...
2026-01-27 17:34:23 - PinMaster - DEBUG - [qt_main_window.py:469] - AccountInfoThread: проверка парсера...
2026-01-27 17:34:23 - PinMaster - DEBUG - [qt_main_window.py:476] - AccountInfoThread: парсер доступен, получение информации об аккаунте...
2026-01-27 17:34:24 - PinMaster - DEBUG - [qt_main_window.py:480] - AccountInfoThread: информация об аккаунте получена: {'username': 'uazis1', 'profile_url': 'https://ru.pinterest.com/uazis1/', 'pins_url': 'https://ru.pinterest.com/uazis1/_pins/', 'boards_url': 'https://ru.pinterest.com/uazis1/_boards/'}
2026-01-27 17:34:24 - PinMaster - INFO - [qt_main_window.py:500] - AccountInfoThread: парсинг досок для пользователя uazis1...
2026-01-27 17:34:24 - PinMaster - DEBUG - [qt_main_window.py:515] - AccountInfoThread: используем кэш досок для uazis1
2026-01-27 17:34:24 - PinMaster - INFO - [qt_main_window.py:530] - AccountInfoThread: парсинг пинов для пользователя uazis1...
2026-01-27 17:34:24 - PinMaster - DEBUG - [qt_main_window.py:545] - AccountInfoThread: используем кэш пинов для uazis1
2026-01-27 17:34:24 - PinMaster - INFO - [qt_main_window.py:562] - AccountInfoThread: отправка сигнала account_info_ready...
2026-01-27 17:34:24 - PinMaster - INFO - [qt_main_window.py:564] - AccountInfoThread: поток завершен успешно
2026-01-27 17:34:28 - PinMaster - INFO - [qt_main_window.py:613] - ParserInitThread: парсер создан успешно
2026-01-27 17:34:28 - PinMaster - DEBUG - [qt_main_window.py:617] - ParserInitThread: проверка драйвера...
2026-01-27 17:34:28 - PinMaster - INFO - [qt_main_window.py:623] - ParserInitThread: Chrome драйвер доступен
2026-01-27 17:34:28 - PinMaster - INFO - [qt_main_window.py:627] - ParserInitThread: отправка сигнала parser_ready...
2026-01-27 17:34:28 - PinMaster - INFO - [qt_main_window.py:630] - ParserInitThread: сигнал parser_ready отправлен
2026-01-27 17:34:28 - PinMaster - INFO - [qt_main_window.py:1904] - on_parser_ready: парсер готов
2026-01-27 17:34:28 - PinMaster - DEBUG - [qt_main_window.py:635] - ParserInitThread: проверка успешности авторизации...
2026-01-27 17:34:28 - PinMaster - WARNING - [qt_main_window.py:644] - ParserInitThread: авторизация не завершена или не удалась
2026-01-27 17:34:28 - PinMaster - INFO - [qt_main_window.py:647] - ParserInitThread: инициализация парсера завершена успешно
2026-01-27 17:34:28 - PinMaster - INFO - [qt_main_window.py:466] - AccountInfoThread: запуск потока...
2026-01-27 17:34:28 - PinMaster - DEBUG - [qt_main_window.py:469] - AccountInfoThread: проверка парсера...
2026-01-27 17:34:28 - PinMaster - DEBUG - [qt_main_window.py:476] - AccountInfoThread: парсер доступен, получение информации об аккаунте...
2026-01-27 17:34:28 - PinMaster - DEBUG - [qt_main_window.py:480] - AccountInfoThread: информация об аккаунте получена: None
2026-01-27 17:34:28 - PinMaster - ERROR - [qt_main_window.py:489] - AccountInfoThread: Не удалось получить информацию об аккаунте
2026-01-27 17:35:56 - PinMaster - INFO - [qt_main_window.py:37] - ================================================================================
2026-01-27 17:35:56 - PinMaster - INFO - [qt_main_window.py:38] - ЗАПУСК ПРИЛОЖЕНИЯ PINMASTER
2026-01-27 17:35:56 - PinMaster - INFO - [qt_main_window.py:39] - ================================================================================
2026-01-27 17:35:56 - PinMaster - DEBUG - [qt_main_window.py:43] - Попытка импорта webdriver_frozen_patch...
2026-01-27 17:35:56 - PinMaster - DEBUG - [qt_main_window.py:45] - webdriver_frozen_patch успешно импортирован
2026-01-27 17:35:56 - PinMaster - INFO - [qt_main_window.py:3648] - ================================================================================
2026-01-27 17:35:56 - PinMaster - INFO - [qt_main_window.py:3649] - ТОЧКА ВХОДА: Запуск приложения
2026-01-27 17:35:56 - PinMaster - INFO - [qt_main_window.py:3650] - ================================================================================
2026-01-27 17:35:56 - PinMaster - INFO - [qt_main_window.py:3653] - Создание QApplication...
2026-01-27 17:35:56 - PinMaster - INFO - [qt_main_window.py:3655] - QApplication создан успешно
2026-01-27 17:35:56 - PinMaster - INFO - [qt_main_window.py:3657] - Создание PinterestMainWindow...
2026-01-27 17:35:56 - PinMaster - INFO - [qt_main_window.py:718] - Инициализация PinterestMainWindow...
2026-01-27 17:35:56 - PinMaster - DEBUG - [qt_main_window.py:720] - Вызов super().__init__()...
2026-01-27 17:35:56 - PinMaster - DEBUG - [qt_main_window.py:722] - super().__init__() выполнен успешно
2026-01-27 17:35:56 - PinMaster - DEBUG - [qt_main_window.py:724] - Инициализация переменных экземпляра...
2026-01-27 17:35:56 - PinMaster - DEBUG - [qt_main_window.py:740] - Переменные экземпляра инициализированы
2026-01-27 17:35:56 - PinMaster - INFO - [qt_main_window.py:742] - Вызов setup_ui()...
2026-01-27 17:35:56 - PinMaster - DEBUG - [qt_main_window.py:764] - Начало setup_ui()...
2026-01-27 17:35:56 - PinMaster - DEBUG - [qt_main_window.py:766] - Установка заголовка окна...
2026-01-27 17:35:56 - PinMaster - DEBUG - [qt_main_window.py:768] - Заголовок установлен: PinMaster
2026-01-27 17:35:56 - PinMaster - DEBUG - [qt_main_window.py:770] - Установка минимального размера окна...
2026-01-27 17:35:56 - PinMaster - DEBUG - [qt_main_window.py:774] - Загрузка стилей...
2026-01-27 17:35:56 - PinMaster - DEBUG - [qt_main_window.py:1247] - Начало load_styles()...
2026-01-27 17:35:56 - PinMaster - DEBUG - [qt_main_window.py:1250] - Путь к стилям: /Users/bulatmuhametzanov/Desktop/пинтерест/styles.qss
2026-01-27 17:35:56 - PinMaster - DEBUG - [qt_main_window.py:1253] - Файл стилей открыт, чтение...
2026-01-27 17:35:56 - PinMaster - DEBUG - [qt_main_window.py:1258] - Стили загружены из файла
2026-01-27 17:35:56 - PinMaster - DEBUG - [qt_main_window.py:776] - Стили загружены
2026-01-27 17:35:57 - PinMaster - INFO - [qt_main_window.py:744] - setup_ui() выполнен успешно
2026-01-27 17:35:57 - PinMaster - INFO - [qt_main_window.py:746] - Вызов setup_tray_icon()...
2026-01-27 17:35:57 - PinMaster - DEBUG - [qt_main_window.py:1276] - Начало setup_tray_icon()...
2026-01-27 17:35:57 - PinMaster - DEBUG - [qt_main_window.py:1282] - Создание иконки трея...
2026-01-27 17:35:57 - PinMaster - DEBUG - [qt_main_window.py:1288] - Создание меню трея...
2026-01-27 17:35:57 - PinMaster - DEBUG - [qt_main_window.py:1309] - Иконка трея настроена и отображена
2026-01-27 17:35:57 - PinMaster - INFO - [qt_main_window.py:748] - setup_tray_icon() выполнен успешно
2026-01-27 17:35:57 - PinMaster - INFO - [qt_main_window.py:750] - Вызов load_config()...
2026-01-27 17:35:57 - PinMaster - DEBUG - [qt_main_window.py:1527] - Начало load_config()...
2026-01-27 17:35:57 - PinMaster - DEBUG - [qt_main_window.py:1530] - Путь к конфигу: /Users/bulatmuhametzanov/Desktop/пинтерест/config.json
2026-01-27 17:35:57 - PinMaster - DEBUG - [qt_main_window.py:1533] - Чтение конфига из файла...
2026-01-27 17:35:57 - PinMaster - DEBUG - [qt_main_window.py:1536] - Конфиг загружен из файла
2026-01-27 17:35:57 - PinMaster - INFO - [qt_main_window.py:752] - load_config() выполнен успешно
2026-01-27 17:35:57 - PinMaster - INFO - [qt_main_window.py:754] - Инициализация ToastManager...
2026-01-27 17:35:57 - PinMaster - INFO - [qt_main_window.py:756] - ToastManager инициализирован успешно
2026-01-27 17:35:57 - PinMaster - INFO - [qt_main_window.py:758] - PinterestMainWindow инициализирован успешно
2026-01-27 17:35:57 - PinMaster - INFO - [qt_main_window.py:3659] - PinterestMainWindow создан успешно
2026-01-27 17:35:57 - PinMaster - INFO - [qt_main_window.py:3661] - Отображение окна...
2026-01-27 17:35:57 - PinMaster - INFO - [qt_main_window.py:3663] - Окно отображено, запуск event loop...
2026-01-27 17:35:58 - PinMaster - DEBUG - [qt_main_window.py:3293] - _load_parsing_history: начало загрузки истории...
2026-01-27 17:35:58 - PinMaster - DEBUG - [qt_main_window.py:3299] - _load_parsing_history: чтение файла истории...
2026-01-27 17:35:58 - PinMaster - DEBUG - [qt_main_window.py:3305] - _load_parsing_history: история загружена, дат: 1
2026-01-27 17:35:58 - PinMaster - DEBUG - [qt_main_window.py:3310] - _load_parsing_history: обновление списка дат...
2026-01-27 17:35:58 - PinMaster - DEBUG - [qt_main_window.py:3314] - _load_parsing_history: добавление 1 дат в комбобокс...
2026-01-27 17:35:58 - PinMaster - DEBUG - [qt_main_window.py:3332] - _update_history_list: обновление списка для даты 2026-01-27, записей: 1
2026-01-27 17:35:58 - PinMaster - DEBUG - [qt_main_window.py:3347] - _update_history_list: добавлено 1 элементов в список
2026-01-27 17:35:58 - PinMaster - DEBUG - [qt_main_window.py:3318] - _load_parsing_history: обновление списка парсингов для даты 2026-01-27...
2026-01-27 17:35:58 - PinMaster - DEBUG - [qt_main_window.py:3332] - _update_history_list: обновление списка для даты 2026-01-27, записей: 1
2026-01-27 17:35:58 - PinMaster - DEBUG - [qt_main_window.py:3347] - _update_history_list: добавлено 1 элементов в список
2026-01-27 17:35:58 - PinMaster - DEBUG - [qt_main_window.py:3325] - _load_parsing_history: загрузка истории завершена успешно
2026-01-27 17:35:58 - PinMaster - DEBUG - [qt_main_window.py:3372] - _load_parsing_from_entry: загрузка парсинга из записи...
2026-01-27 17:35:58 - PinMaster - DEBUG - [qt_main_window.py:3380] - _load_parsing_from_entry: чтение CSV файла /Users/bulatmuhametzanov/Documents/PinMaster/csv/2026-01-27/pinterest_pins_котик_17-23-31.csv...
2026-01-27 17:35:58 - PinMaster - DEBUG - [qt_main_window.py:3391] - _load_parsing_from_entry: загружено 5 пинов
2026-01-27 17:35:58 - PinMaster - DEBUG - [qt_main_window.py:3399] - _load_parsing_from_entry: обновление сетки пинов...
2026-01-27 17:35:58 - PinMaster - DEBUG - [qt_main_window.py:424] - PinGridWidget.display_pins: начало отображения 5 пинов
2026-01-27 17:35:58 - PinMaster - DEBUG - [qt_main_window.py:427] - PinGridWidget.display_pins: очистка предыдущих карточек...
2026-01-27 17:35:58 - PinMaster - DEBUG - [qt_main_window.py:435] - PinGridWidget.display_pins: создание карточек в сетке 3 колонок...
2026-01-27 17:35:58 - PinMaster - DEBUG - [qt_main_window.py:440] - PinGridWidget.display_pins: создание карточки 1/5 (row=0, col=0)...
2026-01-27 17:35:58 - PinMaster - DEBUG - [qt_main_window.py:443] - PinGridWidget.display_pins: карточка 1 создана и добавлена
2026-01-27 17:35:58 - PinMaster - DEBUG - [qt_main_window.py:440] - PinGridWidget.display_pins: создание карточки 2/5 (row=0, col=1)...
2026-01-27 17:35:58 - PinMaster - DEBUG - [qt_main_window.py:443] - PinGridWidget.display_pins: карточка 2 создана и добавлена
2026-01-27 17:35:58 - PinMaster - DEBUG - [qt_main_window.py:440] - PinGridWidget.display_pins: создание карточки 3/5 (row=0, col=2)...
2026-01-27 17:35:58 - PinMaster - DEBUG - [qt_main_window.py:443] - PinGridWidget.display_pins: карточка 3 создана и добавлена
2026-01-27 17:35:58 - PinMaster - DEBUG - [qt_main_window.py:440] - PinGridWidget.display_pins: создание карточки 4/5 (row=1, col=0)...
2026-01-27 17:35:58 - PinMaster - DEBUG - [qt_main_window.py:443] - PinGridWidget.display_pins: карточка 4 создана и добавлена
2026-01-27 17:35:58 - PinMaster - DEBUG - [qt_main_window.py:440] - PinGridWidget.display_pins: создание карточки 5/5 (row=1, col=1)...
2026-01-27 17:35:59 - PinMaster - DEBUG - [qt_main_window.py:443] - PinGridWidget.display_pins: карточка 5 создана и добавлена
2026-01-27 17:35:59 - PinMaster - DEBUG - [qt_main_window.py:449] - PinGridWidget.display_pins: отображение завершено, создано карточек: 5
2026-01-27 17:35:59 - PinMaster - DEBUG - [qt_main_window.py:3401] - _load_parsing_from_entry: сетка пинов обновлена
2026-01-27 17:35:59 - PinMaster - DEBUG - [qt_main_window.py:3430] - _load_parsing_from_entry: загрузка парсинга завершена успешно
2026-01-27 17:35:59 - PinMaster - INFO - [qt_main_window.py:1879] - _init_parser_with_login: запуск инициализации парсера, enable_login=True, headless=False
2026-01-27 17:35:59 - PinMaster - INFO - [qt_main_window.py:1887] - _init_parser_with_login: поток инициализации парсера запущен
2026-01-27 17:35:59 - PinMaster - INFO - [qt_main_window.py:587] - ================================================================================
2026-01-27 17:35:59 - PinMaster - INFO - [qt_main_window.py:588] - ParserInitThread: ИНИЦИАЛИЗАЦИЯ ПАРСЕРА В ПОТОКЕ
2026-01-27 17:35:59 - PinMaster - INFO - [qt_main_window.py:589] - ================================================================================
2026-01-27 17:35:59 - PinMaster - INFO - [qt_main_window.py:590] - ParserInitThread: enable_login=True
2026-01-27 17:35:59 - PinMaster - INFO - [qt_main_window.py:591] - ParserInitThread: headless=False
2026-01-27 17:35:59 - PinMaster - INFO - [qt_main_window.py:592] - ParserInitThread: download_images=True
2026-01-27 17:35:59 - PinMaster - INFO - [qt_main_window.py:593] - ================================================================================
2026-01-27 17:35:59 - PinMaster - INFO - [qt_main_window.py:605] - ParserInitThread: создание PinterestSeleniumParser...
2026-01-27 17:35:59 - PinMaster - DEBUG - [qt_main_window.py:1377] - show_page: переключение на страницу 'publish'
2026-01-27 17:35:59 - PinMaster - WARNING - [qt_main_window.py:3547] - on_publish_parsing_changed: получен неверный тип индекса: <class 'str'>, значение: 17:23:31 | котик | 5 пинов
2026-01-27 17:35:59 - PinMaster - WARNING - [qt_main_window.py:3547] - on_publish_parsing_changed: получен неверный тип индекса: <class 'str'>, значение: 
2026-01-27 17:35:59 - PinMaster - WARNING - [qt_main_window.py:3547] - on_publish_parsing_changed: получен неверный тип индекса: <class 'str'>, значение: 17:23:31 | котик | 5 пинов
2026-01-27 17:36:00 - PinMaster - DEBUG - [qt_main_window.py:1377] - show_page: переключение на страницу 'results'
2026-01-27 17:36:00 - PinMaster - DEBUG - [qt_main_window.py:1396] - show_page: загрузка истории парсингов для страницы результатов...
2026-01-27 17:36:00 - PinMaster - DEBUG - [qt_main_window.py:3293] - _load_parsing_history: начало загрузки истории...
2026-01-27 17:36:00 - PinMaster - DEBUG - [qt_main_window.py:3299] - _load_parsing_history: чтение файла истории...
2026-01-27 17:36:00 - PinMaster - DEBUG - [qt_main_window.py:3305] - _load_parsing_history: история загружена, дат: 1
2026-01-27 17:36:00 - PinMaster - DEBUG - [qt_main_window.py:3310] - _load_parsing_history: обновление списка дат...
2026-01-27 17:36:00 - PinMaster - DEBUG - [qt_main_window.py:3314] - _load_parsing_history: добавление 1 дат в комбобокс...
2026-01-27 17:36:00 - PinMaster - DEBUG - [qt_main_window.py:3332] - _update_history_list: обновление списка для даты 2026-01-27, записей: 1
2026-01-27 17:36:00 - PinMaster - DEBUG - [qt_main_window.py:3347] - _update_history_list: добавлено 1 элементов в список
2026-01-27 17:36:00 - PinMaster - DEBUG - [qt_main_window.py:3318] - _load_parsing_history: обновление списка парсингов для даты 2026-01-27...
2026-01-27 17:36:00 - PinMaster - DEBUG - [qt_main_window.py:3332] - _update_history_list: обновление списка для даты 2026-01-27, записей: 1
2026-01-27 17:36:00 - PinMaster - DEBUG - [qt_main_window.py:3347] - _update_history_list: добавлено 1 элементов в список
2026-01-27 17:36:00 - PinMaster - DEBUG - [qt_main_window.py:3325] - _load_parsing_history: загрузка истории завершена успешно
2026-01-27 17:36:00 - PinMaster - DEBUG - [qt_main_window.py:1398] - show_page: история парсингов загружена
2026-01-27 17:36:01 - PinMaster - DEBUG - [qt_main_window.py:1377] - show_page: переключение на страницу 'parse'
2026-01-27 17:36:01 - PinMaster - DEBUG - [qt_main_window.py:1377] - show_page: переключение на страницу 'account'
2026-01-27 17:36:15 - PinMaster - DEBUG - [qt_main_window.py:1377] - show_page: переключение на страницу 'parse'
2026-01-27 17:36:16 - PinMaster - DEBUG - [qt_main_window.py:1377] - show_page: переключение на страницу 'account'
2026-01-27 17:36:34 - PinMaster - INFO - [qt_main_window.py:613] - ParserInitThread: парсер создан успешно
2026-01-27 17:36:34 - PinMaster - DEBUG - [qt_main_window.py:617] - ParserInitThread: проверка драйвера...
2026-01-27 17:36:34 - PinMaster - INFO - [qt_main_window.py:623] - ParserInitThread: Chrome драйвер доступен
2026-01-27 17:36:34 - PinMaster - INFO - [qt_main_window.py:627] - ParserInitThread: отправка сигнала parser_ready...
2026-01-27 17:36:34 - PinMaster - INFO - [qt_main_window.py:1901] - on_parser_ready: парсер готов
2026-01-27 17:36:34 - PinMaster - INFO - [qt_main_window.py:630] - ParserInitThread: сигнал parser_ready отправлен
2026-01-27 17:36:34 - PinMaster - INFO - [qt_main_window.py:466] - AccountInfoThread: запуск потока...
2026-01-27 17:36:34 - PinMaster - DEBUG - [qt_main_window.py:635] - ParserInitThread: проверка успешности авторизации...
2026-01-27 17:36:34 - PinMaster - DEBUG - [qt_main_window.py:469] - AccountInfoThread: проверка парсера...
2026-01-27 17:36:34 - PinMaster - INFO - [qt_main_window.py:638] - ParserInitThread: авторизация успешна, отправка сигнала login_completed...
2026-01-27 17:36:34 - PinMaster - DEBUG - [qt_main_window.py:476] - AccountInfoThread: парсер доступен, получение информации об аккаунте...
2026-01-27 17:36:34 - PinMaster - INFO - [qt_main_window.py:641] - ParserInitThread: сигнал login_completed отправлен
2026-01-27 17:36:34 - PinMaster - INFO - [qt_main_window.py:647] - ParserInitThread: инициализация парсера завершена успешно
2026-01-27 17:36:35 - PinMaster - DEBUG - [qt_main_window.py:480] - AccountInfoThread: информация об аккаунте получена: {'username': 'uazis1', 'profile_url': 'https://ru.pinterest.com/uazis1/', 'pins_url': 'https://ru.pinterest.com/uazis1/_pins/', 'boards_url': 'https://ru.pinterest.com/uazis1/_boards/'}
2026-01-27 17:36:35 - PinMaster - INFO - [qt_main_window.py:500] - AccountInfoThread: парсинг досок для пользователя uazis1...
2026-01-27 17:36:35 - PinMaster - DEBUG - [qt_main_window.py:515] - AccountInfoThread: используем кэш досок для uazis1
2026-01-27 17:36:35 - PinMaster - INFO - [qt_main_window.py:530] - AccountInfoThread: парсинг пинов для пользователя uazis1...
2026-01-27 17:36:35 - PinMaster - DEBUG - [qt_main_window.py:545] - AccountInfoThread: используем кэш пинов для uazis1
2026-01-27 17:36:35 - PinMaster - INFO - [qt_main_window.py:562] - AccountInfoThread: отправка сигнала account_info_ready...
2026-01-27 17:36:35 - PinMaster - INFO - [qt_main_window.py:564] - AccountInfoThread: поток завершен успешно
2026-01-27 17:36:36 - PinMaster - INFO - [qt_main_window.py:466] - AccountInfoThread: запуск потока...
2026-01-27 17:36:36 - PinMaster - DEBUG - [qt_main_window.py:469] - AccountInfoThread: проверка парсера...
2026-01-27 17:36:36 - PinMaster - DEBUG - [qt_main_window.py:476] - AccountInfoThread: парсер доступен, получение информации об аккаунте...
2026-01-27 17:36:37 - PinMaster - DEBUG - [qt_main_window.py:480] - AccountInfoThread: информация об аккаунте получена: {'username': 'uazis1', 'profile_url': 'https://ru.pinterest.com/uazis1/', 'pins_url': 'https://ru.pinterest.com/uazis1/_pins/', 'boards_url': 'https://ru.pinterest.com/uazis1/_boards/'}
2026-01-27 17:36:37 - PinMaster - INFO - [qt_main_window.py:500] - AccountInfoThread: парсинг досок для пользователя uazis1...
2026-01-27 17:36:37 - PinMaster - DEBUG - [qt_main_window.py:515] - AccountInfoThread: используем кэш досок для uazis1
2026-01-27 17:36:37 - PinMaster - INFO - [qt_main_window.py:530] - AccountInfoThread: парсинг пинов для пользователя uazis1...
2026-01-27 17:36:37 - PinMaster - DEBUG - [qt_main_window.py:545] - AccountInfoThread: используем кэш пинов для uazis1
2026-01-27 17:36:37 - PinMaster - INFO - [qt_main_window.py:562] - AccountInfoThread: отправка сигнала account_info_ready...
2026-01-27 17:36:37 - PinMaster - INFO - [qt_main_window.py:564] - AccountInfoThread: поток завершен успешно
2026-01-27 17:36:37 - PinMaster - DEBUG - [qt_main_window.py:1377] - show_page: переключение на страницу 'parse'
2026-01-27 17:36:38 - PinMaster - DEBUG - [qt_main_window.py:1377] - show_page: переключение на страницу 'results'
2026-01-27 17:36:38 - PinMaster - DEBUG - [qt_main_window.py:1396] - show_page: загрузка истории парсингов для страницы результатов...
2026-01-27 17:36:38 - PinMaster - DEBUG - [qt_main_window.py:3293] - _load_parsing_history: начало загрузки истории...
2026-01-27 17:36:38 - PinMaster - DEBUG - [qt_main_window.py:3299] - _load_parsing_history: чтение файла истории...
2026-01-27 17:36:38 - PinMaster - DEBUG - [qt_main_window.py:3305] - _load_parsing_history: история загружена, дат: 1
2026-01-27 17:36:38 - PinMaster - DEBUG - [qt_main_window.py:3310] - _load_parsing_history: обновление списка дат...
2026-01-27 17:36:38 - PinMaster - DEBUG - [qt_main_window.py:3314] - _load_parsing_history: добавление 1 дат в комбобокс...
2026-01-27 17:36:38 - PinMaster - DEBUG - [qt_main_window.py:3332] - _update_history_list: обновление списка для даты 2026-01-27, записей: 1
2026-01-27 17:36:38 - PinMaster - DEBUG - [qt_main_window.py:3347] - _update_history_list: добавлено 1 элементов в список
2026-01-27 17:36:38 - PinMaster - DEBUG - [qt_main_window.py:3318] - _load_parsing_history: обновление списка парсингов для даты 2026-01-27...
2026-01-27 17:36:38 - PinMaster - DEBUG - [qt_main_window.py:3332] - _update_history_list: обновление списка для даты 2026-01-27, записей: 1
2026-01-27 17:36:38 - PinMaster - DEBUG - [qt_main_window.py:3347] - _update_history_list: добавлено 1 элементов в список
2026-01-27 17:36:38 - PinMaster - DEBUG - [qt_main_window.py:3325] - _load_parsing_history: загрузка истории завершена успешно
2026-01-27 17:36:38 - PinMaster - DEBUG - [qt_main_window.py:1398] - show_page: история парсингов загружена
2026-01-27 17:36:39 - PinMaster - DEBUG - [qt_main_window.py:1377] - show_page: переключение на страницу 'publish'
2026-01-27 17:36:39 - PinMaster - INFO - [qt_main_window.py:2475] - LoadBoardsThread: запуск загрузки досок...
2026-01-27 17:36:39 - PinMaster - DEBUG - [qt_main_window.py:2478] - LoadBoardsThread: попытка получить доски через pin-creation-tool...
2026-01-27 17:36:39 - PinMaster - WARNING - [qt_main_window.py:3547] - on_publish_parsing_changed: получен неверный тип индекса: <class 'str'>, значение: 
2026-01-27 17:36:39 - PinMaster - WARNING - [qt_main_window.py:3547] - on_publish_parsing_changed: получен неверный тип индекса: <class 'str'>, значение: 17:23:31 | котик | 5 пинов
2026-01-27 17:36:39 - PinMaster - WARNING - [qt_main_window.py:3547] - on_publish_parsing_changed: получен неверный тип индекса: <class 'str'>, значение: 
2026-01-27 17:36:39 - PinMaster - WARNING - [qt_main_window.py:3547] - on_publish_parsing_changed: получен неверный тип индекса: <class 'str'>, значение: 17:23:31 | котик | 5 пинов
2026-01-27 17:36:46 - PinMaster - DEBUG - [qt_main_window.py:1377] - show_page: переключение на страницу 'results'
2026-01-27 17:36:46 - PinMaster - DEBUG - [qt_main_window.py:1396] - show_page: загрузка истории парсингов для страницы результатов...
2026-01-27 17:36:46 - PinMaster - DEBUG - [qt_main_window.py:3293] - _load_parsing_history: начало загрузки истории...
2026-01-27 17:36:46 - PinMaster - DEBUG - [qt_main_window.py:3299] - _load_parsing_history: чтение файла истории...
2026-01-27 17:36:46 - PinMaster - DEBUG - [qt_main_window.py:3305] - _load_parsing_history: история загружена, дат: 1
2026-01-27 17:36:46 - PinMaster - DEBUG - [qt_main_window.py:3310] - _load_parsing_history: обновление списка дат...
2026-01-27 17:36:46 - PinMaster - DEBUG - [qt_main_window.py:3314] - _load_parsing_history: добавление 1 дат в комбобокс...
2026-01-27 17:36:46 - PinMaster - DEBUG - [qt_main_window.py:3332] - _update_history_list: обновление списка для даты 2026-01-27, записей: 1
2026-01-27 17:36:46 - PinMaster - DEBUG - [qt_main_window.py:3347] - _update_history_list: добавлено 1 элементов в список
2026-01-27 17:36:46 - PinMaster - DEBUG - [qt_main_window.py:3318] - _load_parsing_history: обновление списка парсингов для даты 2026-01-27...
2026-01-27 17:36:46 - PinMaster - DEBUG - [qt_main_window.py:3332] - _update_history_list: обновление списка для даты 2026-01-27, записей: 1
2026-01-27 17:36:46 - PinMaster - DEBUG - [qt_main_window.py:3347] - _update_history_list: добавлено 1 элементов в список
2026-01-27 17:36:46 - PinMaster - DEBUG - [qt_main_window.py:3325] - _load_parsing_history: загрузка истории завершена успешно
2026-01-27 17:36:46 - PinMaster - DEBUG - [qt_main_window.py:1398] - show_page: история парсингов загружена
2026-01-27 17:36:47 - PinMaster - DEBUG - [qt_main_window.py:1377] - show_page: переключение на страницу 'publish'
2026-01-27 17:36:47 - PinMaster - INFO - [qt_main_window.py:2475] - LoadBoardsThread: запуск загрузки досок...
2026-01-27 17:36:47 - PinMaster - WARNING - [qt_main_window.py:3547] - on_publish_parsing_changed: получен неверный тип индекса: <class 'str'>, значение: 
2026-01-27 17:36:47 - PinMaster - DEBUG - [qt_main_window.py:2478] - LoadBoardsThread: попытка получить доски через pin-creation-tool...
2026-01-27 17:36:47 - PinMaster - WARNING - [qt_main_window.py:3547] - on_publish_parsing_changed: получен неверный тип индекса: <class 'str'>, значение: 17:23:31 | котик | 5 пинов
2026-01-27 17:36:47 - PinMaster - WARNING - [qt_main_window.py:3547] - on_publish_parsing_changed: получен неверный тип индекса: <class 'str'>, значение: 
2026-01-27 17:36:47 - PinMaster - WARNING - [qt_main_window.py:3547] - on_publish_parsing_changed: получен неверный тип индекса: <class 'str'>, значение: 17:23:31 | котик | 5 пинов
2026-01-27 17:36:48 - PinMaster - DEBUG - [qt_main_window.py:1377] - show_page: переключение на страницу 'results'
2026-01-27 17:36:48 - PinMaster - DEBUG - [qt_main_window.py:1396] - show_page: загрузка истории парсингов для страницы результатов...
2026-01-27 17:36:48 - PinMaster - DEBUG - [qt_main_window.py:3293] - _load_parsing_history: начало загрузки истории...
2026-01-27 17:36:48 - PinMaster - DEBUG - [qt_main_window.py:3299] - _load_parsing_history: чтение файла истории...
2026-01-27 17:36:48 - PinMaster - DEBUG - [qt_main_window.py:3305] - _load_parsing_history: история загружена, дат: 1
2026-01-27 17:36:48 - PinMaster - DEBUG - [qt_main_window.py:3310] - _load_parsing_history: обновление списка дат...
2026-01-27 17:36:48 - PinMaster - DEBUG - [qt_main_window.py:3314] - _load_parsing_history: добавление 1 дат в комбобокс...
2026-01-27 17:36:48 - PinMaster - DEBUG - [qt_main_window.py:3332] - _update_history_list: обновление списка для даты 2026-01-27, записей: 1
2026-01-27 17:36:48 - PinMaster - DEBUG - [qt_main_window.py:3347] - _update_history_list: добавлено 1 элементов в список
2026-01-27 17:36:48 - PinMaster - DEBUG - [qt_main_window.py:3318] - _load_parsing_history: обновление списка парсингов для даты 2026-01-27...
2026-01-27 17:36:48 - PinMaster - DEBUG - [qt_main_window.py:3332] - _update_history_list: обновление списка для даты 2026-01-27, записей: 1
2026-01-27 17:36:48 - PinMaster - DEBUG - [qt_main_window.py:3347] - _update_history_list: добавлено 1 элементов в список
2026-01-27 17:36:48 - PinMaster - DEBUG - [qt_main_window.py:3325] - _load_parsing_history: загрузка истории завершена успешно
2026-01-27 17:36:48 - PinMaster - DEBUG - [qt_main_window.py:1398] - show_page: история парсингов загружена
2026-01-27 17:36:56 - PinMaster - DEBUG - [qt_main_window.py:2495] - LoadBoardsThread: pin-creation-tool не вернул доски, используем парсер...
2026-01-27 17:36:57 - PinMaster - DEBUG - [qt_main_window.py:2512] - LoadBoardsThread: загрузка досок для uazis1...
2026-01-27 17:36:57 - PinMaster - DEBUG - [qt_main_window.py:2521] - LoadBoardsThread: использован кэш, найдено 2 досок
2026-01-27 17:36:57 - PinMaster - INFO - [qt_main_window.py:2523] - LoadBoardsThread: загружено 2 досок
2026-01-27 17:36:57 - PinMaster - INFO - [qt_main_window.py:2525] - LoadBoardsThread: сигнал boards_loaded отправлен
2026-01-27 17:36:59 - PinMaster - DEBUG - [qt_main_window.py:1377] - show_page: переключение на страницу 'publish'
2026-01-27 17:36:59 - PinMaster - INFO - [qt_main_window.py:2475] - LoadBoardsThread: запуск загрузки досок...
2026-01-27 17:36:59 - PinMaster - DEBUG - [qt_main_window.py:2478] - LoadBoardsThread: попытка получить доски через pin-creation-tool...
2026-01-27 17:36:59 - PinMaster - WARNING - [qt_main_window.py:3547] - on_publish_parsing_changed: получен неверный тип индекса: <class 'str'>, значение: 
2026-01-27 17:36:59 - PinMaster - WARNING - [qt_main_window.py:3547] - on_publish_parsing_changed: получен неверный тип индекса: <class 'str'>, значение: 17:23:31 | котик | 5 пинов
2026-01-27 17:36:59 - PinMaster - WARNING - [qt_main_window.py:3547] - on_publish_parsing_changed: получен неверный тип индекса: <class 'str'>, значение: 
2026-01-27 17:36:59 - PinMaster - WARNING - [qt_main_window.py:3547] - on_publish_parsing_changed: получен неверный тип индекса: <class 'str'>, значение: 17:23:31 | котик | 5 пинов
2026-01-27 17:37:02 - PinMaster - DEBUG - [qt_main_window.py:2495] - LoadBoardsThread: pin-creation-tool не вернул доски, используем парсер...
2026-01-27 17:37:03 - PinMaster - DEBUG - [qt_main_window.py:2512] - LoadBoardsThread: загрузка досок для uazis1...
2026-01-27 17:37:03 - PinMaster - DEBUG - [qt_main_window.py:2521] - LoadBoardsThread: использован кэш, найдено 2 досок
2026-01-27 17:37:03 - PinMaster - INFO - [qt_main_window.py:2523] - LoadBoardsThread: загружено 2 досок
2026-01-27 17:37:03 - PinMaster - INFO - [qt_main_window.py:2525] - LoadBoardsThread: сигнал boards_loaded отправлен
2026-01-27 17:37:03 - PinMaster - DEBUG - [qt_main_window.py:2495] - LoadBoardsThread: pin-creation-tool не вернул доски, используем парсер...
2026-01-27 17:37:04 - PinMaster - DEBUG - [qt_main_window.py:2512] - LoadBoardsThread: загрузка досок для uazis1...
2026-01-27 17:37:04 - PinMaster - DEBUG - [qt_main_window.py:2521] - LoadBoardsThread: использован кэш, найдено 2 досок
2026-01-27 17:37:04 - PinMaster - INFO - [qt_main_window.py:2523] - LoadBoardsThread: загружено 2 досок
2026-01-27 17:37:04 - PinMaster - INFO - [qt_main_window.py:2525] - LoadBoardsThread: сигнал boards_loaded отправлен
2026-01-27 17:46:40 - PinMaster - INFO - [qt_main_window.py:3666] - Event loop завершен с кодом: 0
2026-01-27 17:47:09 - PinMaster - INFO - [qt_main_window.py:37] - ================================================================================
2026-01-27 17:47:09 - PinMaster - INFO - [qt_main_window.py:38] - ЗАПУСК ПРИЛОЖЕНИЯ PINMASTER
2026-01-27 17:47:09 - PinMaster - INFO - [qt_main_window.py:39] - ================================================================================
2026-01-27 17:47:09 - PinMaster - DEBUG - [qt_main_window.py:43] - Попытка импорта webdriver_frozen_patch...
2026-01-27 17:47:09 - PinMaster - DEBUG - [qt_main_window.py:45] - webdriver_frozen_patch успешно импортирован
2026-01-27 17:47:09 - PinMaster - INFO - [qt_main_window.py:4098] - ================================================================================
2026-01-27 17:47:09 - PinMaster - INFO - [qt_main_window.py:4099] - ТОЧКА ВХОДА: Запуск приложения
2026-01-27 17:47:09 - PinMaster - INFO - [qt_main_window.py:4100] - ================================================================================
2026-01-27 17:47:09 - PinMaster - INFO - [qt_main_window.py:4103] - Создание QApplication...
2026-01-27 17:47:09 - PinMaster - INFO - [qt_main_window.py:4105] - QApplication создан успешно
2026-01-27 17:47:09 - PinMaster - INFO - [qt_main_window.py:4107] - Создание PinterestMainWindow...
2026-01-27 17:47:09 - PinMaster - INFO - [qt_main_window.py:835] - Инициализация PinterestMainWindow...
2026-01-27 17:47:09 - PinMaster - DEBUG - [qt_main_window.py:837] - Вызов super().__init__()...
2026-01-27 17:47:09 - PinMaster - DEBUG - [qt_main_window.py:839] - super().__init__() выполнен успешно
2026-01-27 17:47:09 - PinMaster - DEBUG - [qt_main_window.py:841] - Инициализация переменных экземпляра...
2026-01-27 17:47:09 - PinMaster - DEBUG - [qt_main_window.py:857] - Переменные экземпляра инициализированы
2026-01-27 17:47:09 - PinMaster - INFO - [qt_main_window.py:859] - Вызов setup_ui()...
2026-01-27 17:47:09 - PinMaster - DEBUG - [qt_main_window.py:881] - Начало setup_ui()...
2026-01-27 17:47:09 - PinMaster - DEBUG - [qt_main_window.py:883] - Установка заголовка окна...
2026-01-27 17:47:09 - PinMaster - DEBUG - [qt_main_window.py:885] - Заголовок установлен: PinMaster
2026-01-27 17:47:09 - PinMaster - DEBUG - [qt_main_window.py:887] - Установка минимального размера окна...
2026-01-27 17:47:09 - PinMaster - DEBUG - [qt_main_window.py:891] - Загрузка стилей...
2026-01-27 17:47:09 - PinMaster - DEBUG - [qt_main_window.py:1366] - Начало load_styles()...
2026-01-27 17:47:09 - PinMaster - DEBUG - [qt_main_window.py:1369] - Путь к стилям: /Users/bulatmuhametzanov/Desktop/пинтерест/styles.qss
2026-01-27 17:47:09 - PinMaster - DEBUG - [qt_main_window.py:1372] - Файл стилей открыт, чтение...
2026-01-27 17:47:09 - PinMaster - DEBUG - [qt_main_window.py:1377] - Стили загружены из файла
2026-01-27 17:47:09 - PinMaster - DEBUG - [qt_main_window.py:893] - Стили загружены
2026-01-27 17:47:10 - PinMaster - INFO - [qt_main_window.py:861] - setup_ui() выполнен успешно
2026-01-27 17:47:10 - PinMaster - INFO - [qt_main_window.py:863] - Вызов setup_tray_icon()...
2026-01-27 17:47:10 - PinMaster - DEBUG - [qt_main_window.py:1395] - Начало setup_tray_icon()...
2026-01-27 17:47:10 - PinMaster - DEBUG - [qt_main_window.py:1401] - Создание иконки трея...
2026-01-27 17:47:10 - PinMaster - DEBUG - [qt_main_window.py:1407] - Создание меню трея...
2026-01-27 17:47:10 - PinMaster - DEBUG - [qt_main_window.py:1428] - Иконка трея настроена и отображена
2026-01-27 17:47:10 - PinMaster - INFO - [qt_main_window.py:865] - setup_tray_icon() выполнен успешно
2026-01-27 17:47:10 - PinMaster - INFO - [qt_main_window.py:867] - Вызов load_config()...
2026-01-27 17:47:10 - PinMaster - DEBUG - [qt_main_window.py:1660] - Начало load_config()...
2026-01-27 17:47:10 - PinMaster - DEBUG - [qt_main_window.py:1663] - Путь к конфигу: /Users/bulatmuhametzanov/Desktop/пинтерест/config.json
2026-01-27 17:47:10 - PinMaster - DEBUG - [qt_main_window.py:1666] - Чтение конфига из файла...
2026-01-27 17:47:10 - PinMaster - DEBUG - [qt_main_window.py:1669] - Конфиг загружен из файла
2026-01-27 17:47:10 - PinMaster - INFO - [qt_main_window.py:869] - load_config() выполнен успешно
2026-01-27 17:47:10 - PinMaster - INFO - [qt_main_window.py:871] - Инициализация ToastManager...
2026-01-27 17:47:10 - PinMaster - INFO - [qt_main_window.py:873] - ToastManager инициализирован успешно
2026-01-27 17:47:10 - PinMaster - INFO - [qt_main_window.py:875] - PinterestMainWindow инициализирован успешно
2026-01-27 17:47:10 - PinMaster - INFO - [qt_main_window.py:4109] - PinterestMainWindow создан успешно
2026-01-27 17:47:10 - PinMaster - INFO - [qt_main_window.py:4111] - Отображение окна...
2026-01-27 17:47:10 - PinMaster - INFO - [qt_main_window.py:4113] - Окно отображено, запуск event loop...
2026-01-27 17:47:11 - PinMaster - DEBUG - [qt_main_window.py:3713] - _load_parsing_history: начало загрузки истории...
2026-01-27 17:47:11 - PinMaster - DEBUG - [qt_main_window.py:3719] - _load_parsing_history: чтение файла истории...
2026-01-27 17:47:11 - PinMaster - DEBUG - [qt_main_window.py:3725] - _load_parsing_history: история загружена, дат: 1
2026-01-27 17:47:11 - PinMaster - DEBUG - [qt_main_window.py:3730] - _load_parsing_history: обновление списка дат...
2026-01-27 17:47:11 - PinMaster - DEBUG - [qt_main_window.py:3734] - _load_parsing_history: добавление 1 дат в комбобокс...
2026-01-27 17:47:11 - PinMaster - DEBUG - [qt_main_window.py:3752] - _update_history_list: обновление списка для даты 2026-01-27, записей: 1
2026-01-27 17:47:11 - PinMaster - DEBUG - [qt_main_window.py:3797] - _filter_history: отфильтровано 1 из 1 записей
2026-01-27 17:47:11 - PinMaster - DEBUG - [qt_main_window.py:3763] - _update_history_list: добавлено 1 элементов в список
2026-01-27 17:47:11 - PinMaster - DEBUG - [qt_main_window.py:3738] - _load_parsing_history: обновление списка парсингов для даты 2026-01-27...
2026-01-27 17:47:11 - PinMaster - DEBUG - [qt_main_window.py:3752] - _update_history_list: обновление списка для даты 2026-01-27, записей: 1
2026-01-27 17:47:11 - PinMaster - DEBUG - [qt_main_window.py:3797] - _filter_history: отфильтровано 1 из 1 записей
2026-01-27 17:47:11 - PinMaster - DEBUG - [qt_main_window.py:3763] - _update_history_list: добавлено 1 элементов в список
2026-01-27 17:47:11 - PinMaster - DEBUG - [qt_main_window.py:3745] - _load_parsing_history: загрузка истории завершена успешно
2026-01-27 17:47:11 - PinMaster - DEBUG - [qt_main_window.py:3822] - _load_parsing_from_entry: загрузка парсинга из записи...
2026-01-27 17:47:11 - PinMaster - DEBUG - [qt_main_window.py:3830] - _load_parsing_from_entry: чтение CSV файла /Users/bulatmuhametzanov/Documents/PinMaster/csv/2026-01-27/pinterest_pins_котик_17-23-31.csv...
2026-01-27 17:47:11 - PinMaster - DEBUG - [qt_main_window.py:3841] - _load_parsing_from_entry: загружено 5 пинов
2026-01-27 17:47:11 - PinMaster - DEBUG - [qt_main_window.py:3849] - _load_parsing_from_entry: обновление сетки пинов...
2026-01-27 17:47:11 - PinMaster - DEBUG - [qt_main_window.py:486] - PinGridWidget.display_pins: начало отображения 5 пинов
2026-01-27 17:47:11 - PinMaster - DEBUG - [qt_main_window.py:489] - PinGridWidget.display_pins: очистка предыдущих карточек...
2026-01-27 17:47:11 - PinMaster - DEBUG - [qt_main_window.py:497] - PinGridWidget.display_pins: создание карточек в сетке 3 колонок...
2026-01-27 17:47:11 - PinMaster - DEBUG - [qt_main_window.py:502] - PinGridWidget.display_pins: создание карточки 1/5 (row=0, col=0)...
2026-01-27 17:47:11 - PinMaster - DEBUG - [qt_main_window.py:505] - PinGridWidget.display_pins: карточка 1 создана и добавлена
2026-01-27 17:47:11 - PinMaster - DEBUG - [qt_main_window.py:502] - PinGridWidget.display_pins: создание карточки 2/5 (row=0, col=1)...
2026-01-27 17:47:11 - PinMaster - DEBUG - [qt_main_window.py:505] - PinGridWidget.display_pins: карточка 2 создана и добавлена
2026-01-27 17:47:11 - PinMaster - DEBUG - [qt_main_window.py:502] - PinGridWidget.display_pins: создание карточки 3/5 (row=0, col=2)...
2026-01-27 17:47:11 - PinMaster - DEBUG - [qt_main_window.py:505] - PinGridWidget.display_pins: карточка 3 создана и добавлена
2026-01-27 17:47:11 - PinMaster - DEBUG - [qt_main_window.py:502] - PinGridWidget.display_pins: создание карточки 4/5 (row=1, col=0)...
2026-01-27 17:47:11 - PinMaster - DEBUG - [qt_main_window.py:505] - PinGridWidget.display_pins: карточка 4 создана и добавлена
2026-01-27 17:47:11 - PinMaster - DEBUG - [qt_main_window.py:502] - PinGridWidget.display_pins: создание карточки 5/5 (row=1, col=1)...
2026-01-27 17:47:11 - PinMaster - DEBUG - [qt_main_window.py:505] - PinGridWidget.display_pins: карточка 5 создана и добавлена
2026-01-27 17:47:11 - PinMaster - DEBUG - [qt_main_window.py:511] - PinGridWidget.display_pins: отображение завершено, создано карточек: 5
2026-01-27 17:47:11 - PinMaster - DEBUG - [qt_main_window.py:3851] - _load_parsing_from_entry: сетка пинов обновлена
2026-01-27 17:47:11 - PinMaster - DEBUG - [qt_main_window.py:3880] - _load_parsing_from_entry: загрузка парсинга завершена успешно
2026-01-27 17:47:12 - PinMaster - INFO - [qt_main_window.py:2012] - _init_parser_with_login: запуск инициализации парсера, enable_login=True, headless=False
2026-01-27 17:47:12 - PinMaster - INFO - [qt_main_window.py:2020] - _init_parser_with_login: поток инициализации парсера запущен
2026-01-27 17:47:12 - PinMaster - INFO - [qt_main_window.py:649] - ================================================================================
2026-01-27 17:47:12 - PinMaster - INFO - [qt_main_window.py:650] - ParserInitThread: ИНИЦИАЛИЗАЦИЯ ПАРСЕРА В ПОТОКЕ
2026-01-27 17:47:12 - PinMaster - INFO - [qt_main_window.py:651] - ================================================================================
2026-01-27 17:47:12 - PinMaster - INFO - [qt_main_window.py:652] - ParserInitThread: enable_login=True
2026-01-27 17:47:12 - PinMaster - INFO - [qt_main_window.py:653] - ParserInitThread: headless=False
2026-01-27 17:47:12 - PinMaster - INFO - [qt_main_window.py:654] - ParserInitThread: download_images=True
2026-01-27 17:47:12 - PinMaster - INFO - [qt_main_window.py:655] - ================================================================================
2026-01-27 17:47:12 - PinMaster - INFO - [qt_main_window.py:667] - ParserInitThread: создание PinterestSeleniumParser...
2026-01-27 17:47:13 - PinMaster - DEBUG - [qt_main_window.py:1496] - show_page: переключение на страницу 'parse'
2026-01-27 17:47:15 - PinMaster - DEBUG - [qt_main_window.py:1496] - show_page: переключение на страницу 'results'
2026-01-27 17:47:15 - PinMaster - DEBUG - [qt_main_window.py:1515] - show_page: загрузка истории парсингов для страницы результатов...
2026-01-27 17:47:15 - PinMaster - DEBUG - [qt_main_window.py:3713] - _load_parsing_history: начало загрузки истории...
2026-01-27 17:47:15 - PinMaster - DEBUG - [qt_main_window.py:3719] - _load_parsing_history: чтение файла истории...
2026-01-27 17:47:15 - PinMaster - DEBUG - [qt_main_window.py:3725] - _load_parsing_history: история загружена, дат: 1
2026-01-27 17:47:15 - PinMaster - DEBUG - [qt_main_window.py:3730] - _load_parsing_history: обновление списка дат...
2026-01-27 17:47:15 - PinMaster - DEBUG - [qt_main_window.py:3734] - _load_parsing_history: добавление 1 дат в комбобокс...
2026-01-27 17:47:15 - PinMaster - DEBUG - [qt_main_window.py:3752] - _update_history_list: обновление списка для даты 2026-01-27, записей: 1
2026-01-27 17:47:15 - PinMaster - DEBUG - [qt_main_window.py:3797] - _filter_history: отфильтровано 1 из 1 записей
2026-01-27 17:47:15 - PinMaster - DEBUG - [qt_main_window.py:3763] - _update_history_list: добавлено 1 элементов в список
2026-01-27 17:47:15 - PinMaster - DEBUG - [qt_main_window.py:3738] - _load_parsing_history: обновление списка парсингов для даты 2026-01-27...
2026-01-27 17:47:15 - PinMaster - DEBUG - [qt_main_window.py:3752] - _update_history_list: обновление списка для даты 2026-01-27, записей: 1
2026-01-27 17:47:15 - PinMaster - DEBUG - [qt_main_window.py:3797] - _filter_history: отфильтровано 1 из 1 записей
2026-01-27 17:47:15 - PinMaster - DEBUG - [qt_main_window.py:3763] - _update_history_list: добавлено 1 элементов в список
2026-01-27 17:47:15 - PinMaster - DEBUG - [qt_main_window.py:3745] - _load_parsing_history: загрузка истории завершена успешно
2026-01-27 17:47:15 - PinMaster - DEBUG - [qt_main_window.py:1517] - show_page: история парсингов загружена
2026-01-27 17:47:17 - PinMaster - DEBUG - [qt_main_window.py:1496] - show_page: переключение на страницу 'publish'
2026-01-27 17:47:17 - PinMaster - WARNING - [qt_main_window.py:3997] - on_publish_parsing_changed: получен неверный тип индекса: <class 'str'>, значение: 17:23:31 | котик | 5 пинов
2026-01-27 17:47:17 - PinMaster - WARNING - [qt_main_window.py:3997] - on_publish_parsing_changed: получен неверный тип индекса: <class 'str'>, значение: 
2026-01-27 17:47:17 - PinMaster - WARNING - [qt_main_window.py:3997] - on_publish_parsing_changed: получен неверный тип индекса: <class 'str'>, значение: 17:23:31 | котик | 5 пинов
2026-01-27 17:48:05 - PinMaster - INFO - [qt_main_window.py:675] - ParserInitThread: парсер создан успешно
2026-01-27 17:48:05 - PinMaster - DEBUG - [qt_main_window.py:679] - ParserInitThread: проверка драйвера...
2026-01-27 17:48:05 - PinMaster - INFO - [qt_main_window.py:685] - ParserInitThread: Chrome драйвер доступен
2026-01-27 17:48:05 - PinMaster - INFO - [qt_main_window.py:689] - ParserInitThread: отправка сигнала parser_ready...
2026-01-27 17:48:05 - PinMaster - INFO - [qt_main_window.py:692] - ParserInitThread: сигнал parser_ready отправлен
2026-01-27 17:48:05 - PinMaster - DEBUG - [qt_main_window.py:697] - ParserInitThread: проверка успешности авторизации...
2026-01-27 17:48:05 - PinMaster - WARNING - [qt_main_window.py:706] - ParserInitThread: авторизация не завершена или не удалась
2026-01-27 17:48:05 - PinMaster - INFO - [qt_main_window.py:709] - ParserInitThread: инициализация парсера завершена успешно
2026-01-27 17:48:05 - PinMaster - INFO - [qt_main_window.py:2034] - on_parser_ready: парсер готов
2026-01-27 17:48:05 - PinMaster - INFO - [qt_main_window.py:528] - AccountInfoThread: запуск потока...
2026-01-27 17:48:05 - PinMaster - DEBUG - [qt_main_window.py:531] - AccountInfoThread: проверка парсера...
2026-01-27 17:48:05 - PinMaster - DEBUG - [qt_main_window.py:538] - AccountInfoThread: парсер доступен, получение информации об аккаунте...
2026-01-27 17:48:05 - PinMaster - DEBUG - [qt_main_window.py:542] - AccountInfoThread: информация об аккаунте получена: None
2026-01-27 17:48:05 - PinMaster - ERROR - [qt_main_window.py:551] - AccountInfoThread: Не удалось получить информацию об аккаунте
2026-01-27 17:52:04 - PinMaster - INFO - [qt_main_window.py:37] - ================================================================================
2026-01-27 17:52:04 - PinMaster - INFO - [qt_main_window.py:38] - ЗАПУСК ПРИЛОЖЕНИЯ PINMASTER
2026-01-27 17:52:04 - PinMaster - INFO - [qt_main_window.py:39] - ================================================================================
2026-01-27 17:52:04 - PinMaster - DEBUG - [qt_main_window.py:43] - Попытка импорта webdriver_frozen_patch...
2026-01-27 17:52:04 - PinMaster - DEBUG - [qt_main_window.py:45] - webdriver_frozen_patch успешно импортирован
2026-01-27 17:52:04 - PinMaster - INFO - [qt_main_window.py:4147] - ================================================================================
2026-01-27 17:52:04 - PinMaster - INFO - [qt_main_window.py:4148] - ТОЧКА ВХОДА: Запуск приложения
2026-01-27 17:52:04 - PinMaster - INFO - [qt_main_window.py:4149] - ================================================================================
2026-01-27 17:52:04 - PinMaster - INFO - [qt_main_window.py:4152] - Создание QApplication...
2026-01-27 17:52:04 - PinMaster - INFO - [qt_main_window.py:4154] - QApplication создан успешно
2026-01-27 17:52:04 - PinMaster - INFO - [qt_main_window.py:4156] - Создание PinterestMainWindow...
2026-01-27 17:52:04 - PinMaster - INFO - [qt_main_window.py:861] - Инициализация PinterestMainWindow...
2026-01-27 17:52:04 - PinMaster - DEBUG - [qt_main_window.py:863] - Вызов super().__init__()...
2026-01-27 17:52:04 - PinMaster - DEBUG - [qt_main_window.py:865] - super().__init__() выполнен успешно
2026-01-27 17:52:04 - PinMaster - DEBUG - [qt_main_window.py:867] - Инициализация переменных экземпляра...
2026-01-27 17:52:04 - PinMaster - DEBUG - [qt_main_window.py:883] - Переменные экземпляра инициализированы
2026-01-27 17:52:04 - PinMaster - INFO - [qt_main_window.py:885] - Вызов setup_ui()...
2026-01-27 17:52:04 - PinMaster - DEBUG - [qt_main_window.py:907] - Начало setup_ui()...
2026-01-27 17:52:04 - PinMaster - DEBUG - [qt_main_window.py:909] - Установка заголовка окна...
2026-01-27 17:52:04 - PinMaster - DEBUG - [qt_main_window.py:911] - Заголовок установлен: PinMaster
2026-01-27 17:52:04 - PinMaster - DEBUG - [qt_main_window.py:913] - Установка минимального размера окна...
2026-01-27 17:52:04 - PinMaster - DEBUG - [qt_main_window.py:917] - Загрузка стилей...
2026-01-27 17:52:04 - PinMaster - DEBUG - [qt_main_window.py:1415] - Начало load_styles()...
2026-01-27 17:52:04 - PinMaster - DEBUG - [qt_main_window.py:1418] - Путь к стилям: /Users/bulatmuhametzanov/Desktop/пинтерест/styles.qss
2026-01-27 17:52:04 - PinMaster - DEBUG - [qt_main_window.py:1421] - Файл стилей открыт, чтение...
2026-01-27 17:52:04 - PinMaster - DEBUG - [qt_main_window.py:1426] - Стили загружены из файла
2026-01-27 17:52:04 - PinMaster - DEBUG - [qt_main_window.py:919] - Стили загружены
2026-01-27 17:52:05 - PinMaster - INFO - [qt_main_window.py:887] - setup_ui() выполнен успешно
2026-01-27 17:52:05 - PinMaster - INFO - [qt_main_window.py:889] - Вызов setup_tray_icon()...
2026-01-27 17:52:05 - PinMaster - DEBUG - [qt_main_window.py:1444] - Начало setup_tray_icon()...
2026-01-27 17:52:05 - PinMaster - DEBUG - [qt_main_window.py:1450] - Создание иконки трея...
2026-01-27 17:52:05 - PinMaster - DEBUG - [qt_main_window.py:1456] - Создание меню трея...
2026-01-27 17:52:05 - PinMaster - DEBUG - [qt_main_window.py:1477] - Иконка трея настроена и отображена
2026-01-27 17:52:05 - PinMaster - INFO - [qt_main_window.py:891] - setup_tray_icon() выполнен успешно
2026-01-27 17:52:05 - PinMaster - INFO - [qt_main_window.py:893] - Вызов load_config()...
2026-01-27 17:52:05 - PinMaster - DEBUG - [qt_main_window.py:1709] - Начало load_config()...
2026-01-27 17:52:05 - PinMaster - DEBUG - [qt_main_window.py:1712] - Путь к конфигу: /Users/bulatmuhametzanov/Desktop/пинтерест/config.json
2026-01-27 17:52:05 - PinMaster - DEBUG - [qt_main_window.py:1715] - Чтение конфига из файла...
2026-01-27 17:52:05 - PinMaster - DEBUG - [qt_main_window.py:1718] - Конфиг загружен из файла
2026-01-27 17:52:05 - PinMaster - INFO - [qt_main_window.py:895] - load_config() выполнен успешно
2026-01-27 17:52:05 - PinMaster - INFO - [qt_main_window.py:897] - Инициализация ToastManager...
2026-01-27 17:52:05 - PinMaster - INFO - [qt_main_window.py:899] - ToastManager инициализирован успешно
2026-01-27 17:52:05 - PinMaster - INFO - [qt_main_window.py:901] - PinterestMainWindow инициализирован успешно
2026-01-27 17:52:05 - PinMaster - INFO - [qt_main_window.py:4158] - PinterestMainWindow создан успешно
2026-01-27 17:52:05 - PinMaster - INFO - [qt_main_window.py:4160] - Отображение окна...
2026-01-27 17:52:05 - PinMaster - INFO - [qt_main_window.py:4162] - Окно отображено, запуск event loop...
2026-01-27 17:52:06 - PinMaster - DEBUG - [qt_main_window.py:3762] - _load_parsing_history: начало загрузки истории...
2026-01-27 17:52:06 - PinMaster - DEBUG - [qt_main_window.py:3768] - _load_parsing_history: чтение файла истории...
2026-01-27 17:52:06 - PinMaster - DEBUG - [qt_main_window.py:3774] - _load_parsing_history: история загружена, дат: 1
2026-01-27 17:52:06 - PinMaster - DEBUG - [qt_main_window.py:3779] - _load_parsing_history: обновление списка дат...
2026-01-27 17:52:06 - PinMaster - DEBUG - [qt_main_window.py:3783] - _load_parsing_history: добавление 1 дат в комбобокс...
2026-01-27 17:52:06 - PinMaster - DEBUG - [qt_main_window.py:3801] - _update_history_list: обновление списка для даты 2026-01-27, записей: 1
2026-01-27 17:52:06 - PinMaster - DEBUG - [qt_main_window.py:3846] - _filter_history: отфильтровано 1 из 1 записей
2026-01-27 17:52:06 - PinMaster - DEBUG - [qt_main_window.py:3812] - _update_history_list: добавлено 1 элементов в список
2026-01-27 17:52:06 - PinMaster - DEBUG - [qt_main_window.py:3787] - _load_parsing_history: обновление списка парсингов для даты 2026-01-27...
2026-01-27 17:52:06 - PinMaster - DEBUG - [qt_main_window.py:3801] - _update_history_list: обновление списка для даты 2026-01-27, записей: 1
2026-01-27 17:52:06 - PinMaster - DEBUG - [qt_main_window.py:3846] - _filter_history: отфильтровано 1 из 1 записей
2026-01-27 17:52:06 - PinMaster - DEBUG - [qt_main_window.py:3812] - _update_history_list: добавлено 1 элементов в список
2026-01-27 17:52:06 - PinMaster - DEBUG - [qt_main_window.py:3794] - _load_parsing_history: загрузка истории завершена успешно
2026-01-27 17:52:06 - PinMaster - DEBUG - [qt_main_window.py:3871] - _load_parsing_from_entry: загрузка парсинга из записи...
2026-01-27 17:52:06 - PinMaster - DEBUG - [qt_main_window.py:3879] - _load_parsing_from_entry: чтение CSV файла /Users/bulatmuhametzanov/Documents/PinMaster/csv/2026-01-27/pinterest_pins_котик_17-23-31.csv...
2026-01-27 17:52:06 - PinMaster - DEBUG - [qt_main_window.py:3890] - _load_parsing_from_entry: загружено 5 пинов
2026-01-27 17:52:06 - PinMaster - DEBUG - [qt_main_window.py:3898] - _load_parsing_from_entry: обновление сетки пинов...
2026-01-27 17:52:06 - PinMaster - DEBUG - [qt_main_window.py:512] - PinGridWidget.display_pins: начало отображения 5 пинов
2026-01-27 17:52:06 - PinMaster - DEBUG - [qt_main_window.py:515] - PinGridWidget.display_pins: очистка предыдущих карточек...
2026-01-27 17:52:06 - PinMaster - DEBUG - [qt_main_window.py:523] - PinGridWidget.display_pins: создание карточек в сетке 3 колонок...
2026-01-27 17:52:06 - PinMaster - DEBUG - [qt_main_window.py:528] - PinGridWidget.display_pins: создание карточки 1/5 (row=0, col=0)...
2026-01-27 17:52:06 - PinMaster - DEBUG - [qt_main_window.py:531] - PinGridWidget.display_pins: карточка 1 создана и добавлена
2026-01-27 17:52:06 - PinMaster - DEBUG - [qt_main_window.py:528] - PinGridWidget.display_pins: создание карточки 2/5 (row=0, col=1)...
2026-01-27 17:52:06 - PinMaster - DEBUG - [qt_main_window.py:531] - PinGridWidget.display_pins: карточка 2 создана и добавлена
2026-01-27 17:52:06 - PinMaster - DEBUG - [qt_main_window.py:528] - PinGridWidget.display_pins: создание карточки 3/5 (row=0, col=2)...
2026-01-27 17:52:06 - PinMaster - DEBUG - [qt_main_window.py:531] - PinGridWidget.display_pins: карточка 3 создана и добавлена
2026-01-27 17:52:06 - PinMaster - DEBUG - [qt_main_window.py:528] - PinGridWidget.display_pins: создание карточки 4/5 (row=1, col=0)...
2026-01-27 17:52:06 - PinMaster - DEBUG - [qt_main_window.py:531] - PinGridWidget.display_pins: карточка 4 создана и добавлена
2026-01-27 17:52:06 - PinMaster - DEBUG - [qt_main_window.py:528] - PinGridWidget.display_pins: создание карточки 5/5 (row=1, col=1)...
2026-01-27 17:52:06 - PinMaster - DEBUG - [qt_main_window.py:531] - PinGridWidget.display_pins: карточка 5 создана и добавлена
2026-01-27 17:52:06 - PinMaster - DEBUG - [qt_main_window.py:537] - PinGridWidget.display_pins: отображение завершено, создано карточек: 5
2026-01-27 17:52:06 - PinMaster - DEBUG - [qt_main_window.py:3900] - _load_parsing_from_entry: сетка пинов обновлена
2026-01-27 17:52:06 - PinMaster - DEBUG - [qt_main_window.py:3929] - _load_parsing_from_entry: загрузка парсинга завершена успешно
2026-01-27 17:52:07 - PinMaster - INFO - [qt_main_window.py:2061] - _init_parser_with_login: запуск инициализации парсера, enable_login=True, headless=False
2026-01-27 17:52:07 - PinMaster - INFO - [qt_main_window.py:2069] - _init_parser_with_login: поток инициализации парсера запущен
2026-01-27 17:52:07 - PinMaster - INFO - [qt_main_window.py:675] - ================================================================================
2026-01-27 17:52:07 - PinMaster - INFO - [qt_main_window.py:676] - ParserInitThread: ИНИЦИАЛИЗАЦИЯ ПАРСЕРА В ПОТОКЕ
2026-01-27 17:52:07 - PinMaster - INFO - [qt_main_window.py:677] - ================================================================================
2026-01-27 17:52:07 - PinMaster - INFO - [qt_main_window.py:678] - ParserInitThread: enable_login=True
2026-01-27 17:52:07 - PinMaster - INFO - [qt_main_window.py:679] - ParserInitThread: headless=False
2026-01-27 17:52:07 - PinMaster - INFO - [qt_main_window.py:680] - ParserInitThread: download_images=True
2026-01-27 17:52:07 - PinMaster - INFO - [qt_main_window.py:681] - ================================================================================
2026-01-27 17:52:07 - PinMaster - INFO - [qt_main_window.py:693] - ParserInitThread: создание PinterestSeleniumParser...
2026-01-27 17:52:18 - PinMaster - INFO - [qt_main_window.py:701] - ParserInitThread: парсер создан успешно
2026-01-27 17:52:18 - PinMaster - DEBUG - [qt_main_window.py:705] - ParserInitThread: проверка драйвера...
2026-01-27 17:52:18 - PinMaster - INFO - [qt_main_window.py:711] - ParserInitThread: Chrome драйвер доступен
2026-01-27 17:52:18 - PinMaster - INFO - [qt_main_window.py:715] - ParserInitThread: отправка сигнала parser_ready...
2026-01-27 17:52:18 - PinMaster - INFO - [qt_main_window.py:718] - ParserInitThread: сигнал parser_ready отправлен
2026-01-27 17:52:18 - PinMaster - DEBUG - [qt_main_window.py:723] - ParserInitThread: проверка успешности авторизации...
2026-01-27 17:52:18 - PinMaster - INFO - [qt_main_window.py:726] - ParserInitThread: авторизация успешна, отправка сигнала login_completed...
2026-01-27 17:52:18 - PinMaster - INFO - [qt_main_window.py:729] - ParserInitThread: сигнал login_completed отправлен
2026-01-27 17:52:18 - PinMaster - INFO - [qt_main_window.py:2083] - on_parser_ready: парсер готов
2026-01-27 17:52:18 - PinMaster - INFO - [qt_main_window.py:735] - ParserInitThread: инициализация парсера завершена успешно
2026-01-27 17:52:18 - PinMaster - INFO - [qt_main_window.py:554] - AccountInfoThread: запуск потока...
2026-01-27 17:52:18 - PinMaster - DEBUG - [qt_main_window.py:557] - AccountInfoThread: проверка парсера...
2026-01-27 17:52:18 - PinMaster - DEBUG - [qt_main_window.py:564] - AccountInfoThread: парсер доступен, получение информации об аккаунте...
2026-01-27 17:52:19 - PinMaster - DEBUG - [qt_main_window.py:568] - AccountInfoThread: информация об аккаунте получена: {'username': 'uazis1', 'profile_url': 'https://ru.pinterest.com/uazis1/', 'pins_url': 'https://ru.pinterest.com/uazis1/_pins/', 'boards_url': 'https://ru.pinterest.com/uazis1/_boards/'}
2026-01-27 17:52:19 - PinMaster - INFO - [qt_main_window.py:588] - AccountInfoThread: парсинг досок для пользователя uazis1...
2026-01-27 17:52:19 - PinMaster - DEBUG - [qt_main_window.py:603] - AccountInfoThread: используем кэш досок для uazis1
2026-01-27 17:52:19 - PinMaster - INFO - [qt_main_window.py:618] - AccountInfoThread: парсинг пинов для пользователя uazis1...
2026-01-27 17:52:19 - PinMaster - DEBUG - [qt_main_window.py:633] - AccountInfoThread: используем кэш пинов для uazis1
2026-01-27 17:52:19 - PinMaster - INFO - [qt_main_window.py:650] - AccountInfoThread: отправка сигнала account_info_ready...
2026-01-27 17:52:19 - PinMaster - INFO - [qt_main_window.py:652] - AccountInfoThread: поток завершен успешно
2026-01-27 17:52:21 - PinMaster - INFO - [qt_main_window.py:554] - AccountInfoThread: запуск потока...
2026-01-27 17:52:21 - PinMaster - DEBUG - [qt_main_window.py:557] - AccountInfoThread: проверка парсера...
2026-01-27 17:52:21 - PinMaster - DEBUG - [qt_main_window.py:564] - AccountInfoThread: парсер доступен, получение информации об аккаунте...
2026-01-27 17:52:21 - PinMaster - DEBUG - [qt_main_window.py:568] - AccountInfoThread: информация об аккаунте получена: {'username': 'uazis1', 'profile_url': 'https://ru.pinterest.com/uazis1/', 'pins_url': 'https://ru.pinterest.com/uazis1/_pins/', 'boards_url': 'https://ru.pinterest.com/uazis1/_boards/'}
2026-01-27 17:52:21 - PinMaster - INFO - [qt_main_window.py:588] - AccountInfoThread: парсинг досок для пользователя uazis1...
2026-01-27 17:52:21 - PinMaster - DEBUG - [qt_main_window.py:603] - AccountInfoThread: используем кэш досок для uazis1
2026-01-27 17:52:21 - PinMaster - INFO - [qt_main_window.py:618] - AccountInfoThread: парсинг пинов для пользователя uazis1...
2026-01-27 17:52:21 - PinMaster - DEBUG - [qt_main_window.py:633] - AccountInfoThread: используем кэш пинов для uazis1
2026-01-27 17:52:21 - PinMaster - INFO - [qt_main_window.py:650] - AccountInfoThread: отправка сигнала account_info_ready...
2026-01-27 17:52:21 - PinMaster - INFO - [qt_main_window.py:652] - AccountInfoThread: поток завершен успешно
2026-01-27 17:56:05 - PinMaster - DEBUG - [qt_main_window.py:1545] - show_page: переключение на страницу 'parse'
2026-01-27 17:56:05 - PinMaster - DEBUG - [qt_main_window.py:1545] - show_page: переключение на страницу 'results'
2026-01-27 17:56:05 - PinMaster - DEBUG - [qt_main_window.py:1564] - show_page: загрузка истории парсингов для страницы результатов...
2026-01-27 17:56:05 - PinMaster - DEBUG - [qt_main_window.py:3762] - _load_parsing_history: начало загрузки истории...
2026-01-27 17:56:05 - PinMaster - DEBUG - [qt_main_window.py:3768] - _load_parsing_history: чтение файла истории...
2026-01-27 17:56:05 - PinMaster - DEBUG - [qt_main_window.py:3774] - _load_parsing_history: история загружена, дат: 1
2026-01-27 17:56:05 - PinMaster - DEBUG - [qt_main_window.py:3779] - _load_parsing_history: обновление списка дат...
2026-01-27 17:56:05 - PinMaster - DEBUG - [qt_main_window.py:3783] - _load_parsing_history: добавление 1 дат в комбобокс...
2026-01-27 17:56:05 - PinMaster - DEBUG - [qt_main_window.py:3801] - _update_history_list: обновление списка для даты 2026-01-27, записей: 1
2026-01-27 17:56:05 - PinMaster - DEBUG - [qt_main_window.py:3846] - _filter_history: отфильтровано 1 из 1 записей
2026-01-27 17:56:05 - PinMaster - DEBUG - [qt_main_window.py:3812] - _update_history_list: добавлено 1 элементов в список
2026-01-27 17:56:05 - PinMaster - DEBUG - [qt_main_window.py:3787] - _load_parsing_history: обновление списка парсингов для даты 2026-01-27...
2026-01-27 17:56:05 - PinMaster - DEBUG - [qt_main_window.py:3801] - _update_history_list: обновление списка для даты 2026-01-27, записей: 1
2026-01-27 17:56:05 - PinMaster - DEBUG - [qt_main_window.py:3846] - _filter_history: отфильтровано 1 из 1 записей
2026-01-27 17:56:05 - PinMaster - DEBUG - [qt_main_window.py:3812] - _update_history_list: добавлено 1 элементов в список
2026-01-27 17:56:05 - PinMaster - DEBUG - [qt_main_window.py:3794] - _load_parsing_history: загрузка истории завершена успешно
2026-01-27 17:56:05 - PinMaster - DEBUG - [qt_main_window.py:1566] - show_page: история парсингов загружена
2026-01-27 17:56:07 - PinMaster - DEBUG - [qt_main_window.py:1545] - show_page: переключение на страницу 'publish'
2026-01-27 17:56:07 - PinMaster - INFO - [qt_main_window.py:2657] - LoadBoardsThread: запуск загрузки досок...
2026-01-27 17:56:07 - PinMaster - DEBUG - [qt_main_window.py:2660] - LoadBoardsThread: попытка получить доски через pin-creation-tool...
2026-01-27 17:56:07 - PinMaster - WARNING - [qt_main_window.py:4046] - on_publish_parsing_changed: получен неверный тип индекса: <class 'str'>, значение: 17:23:31 | котик | 5 пинов
2026-01-27 17:56:07 - PinMaster - WARNING - [qt_main_window.py:4046] - on_publish_parsing_changed: получен неверный тип индекса: <class 'str'>, значение: 
2026-01-27 17:56:07 - PinMaster - WARNING - [qt_main_window.py:4046] - on_publish_parsing_changed: получен неверный тип индекса: <class 'str'>, значение: 17:23:31 | котик | 5 пинов
2026-01-27 17:56:13 - PinMaster - DEBUG - [qt_main_window.py:2677] - LoadBoardsThread: pin-creation-tool не вернул доски, используем парсер...
2026-01-27 17:56:13 - PinMaster - ERROR - [qt_main_window.py:2682] - LoadBoardsThread: Не удалось получить информацию об аккаунте
